sample,tempo para fechamento,tempo merge,closed_count,open_count,merged_count,not_merged_count,framework,relative_open_count,relative_closed_count,relative_merged,relative_not_merged
aws-samples/accelerated-data-lake,,,0.0,1.0,0.0,0.0,AWS,100.0,0.0,,
aws-samples/ai-video-super-resolution,,,0.0,1.0,0.0,0.0,AWS,100.0,0.0,,
aws-samples/alexa-brazil-hackathon-content,0.0,0.0,2.0,0.0,2.0,0.0,AWS,0.0,100.0,100.0,0.0
aws-samples/alexa-skill-authentication,,,0.0,1.0,0.0,0.0,AWS,100.0,0.0,,
aws-samples/alexa-top-sites-api-samples,,,0.0,2.0,0.0,0.0,AWS,100.0,0.0,,
aws-samples/alexa-web-information-service-api-samples,,,0.0,1.0,0.0,0.0,AWS,100.0,0.0,,
aws-samples/algorithmic-trading,0.14285714285714285,0.16666666666666666,7.0,0.0,6.0,1.0,AWS,0.0,100.0,85.71428571428571,14.285714285714285
aws-samples/amazon-a2i-sample-jupyter-notebooks,6.2,6.2,10.0,2.0,10.0,0.0,AWS,16.666666666666664,83.33333333333334,100.0,0.0
aws-samples/amazon-a2i-sample-task-uis,31.5,31.5,2.0,1.0,2.0,0.0,AWS,33.33333333333333,66.66666666666666,100.0,0.0
aws-samples/amazon-ai-building-better-bots,80.5,80.5,2.0,0.0,2.0,0.0,AWS,0.0,100.0,100.0,0.0
aws-samples/amazon-api-gateway-url-shortener,25.666666666666668,19.6,6.0,1.0,5.0,1.0,AWS,14.285714285714285,85.71428571428571,83.33333333333334,16.666666666666664
aws-samples/amazon-apigateway-ingress-controller-blog,,,0.0,3.0,0.0,0.0,AWS,100.0,0.0,,
aws-samples/amazon-appflow,,,0.0,1.0,0.0,0.0,AWS,100.0,0.0,,
aws-samples/amazon-aurora-labs-for-mysql,0.07142857142857142,0.07142857142857142,14.0,0.0,14.0,0.0,AWS,0.0,100.0,100.0,0.0
aws-samples/amazon-aurora-proxysql-example,0.0,0.0,2.0,0.0,2.0,0.0,AWS,0.0,100.0,100.0,0.0
aws-samples/amazon-automated-forecast,,,0.0,1.0,0.0,0.0,AWS,100.0,0.0,,
aws-samples/amazon-autoscaling-mac1metal-ec2-with-terraform,0.0,0.0,2.0,0.0,2.0,0.0,AWS,0.0,100.0,100.0,0.0
aws-samples/amazon-chime-live-events,63.0,63.0,2.0,0.0,2.0,0.0,AWS,0.0,100.0,100.0,0.0
aws-samples/amazon-chime-meeting-broadcast-demo,0.6666666666666666,0.6666666666666666,3.0,1.0,3.0,0.0,AWS,25.0,75.0,100.0,0.0
aws-samples/amazon-chime-private-bot-demo,,,0.0,2.0,0.0,0.0,AWS,100.0,0.0,,
aws-samples/amazon-chime-react-native-demo,42.833333333333336,7.0,6.0,0.0,1.0,5.0,AWS,0.0,100.0,16.666666666666664,83.33333333333334
aws-samples/amazon-chime-sdk,11.5,9.166666666666666,8.0,0.0,6.0,2.0,AWS,0.0,100.0,75.0,25.0
aws-samples/amazon-chime-sdk-aws-appsync-sample,0.0,0.0,1.0,0.0,1.0,0.0,AWS,0.0,100.0,100.0,0.0
aws-samples/amazon-chime-sdk-classroom-demo,32.0,10.5,3.0,0.0,2.0,1.0,AWS,0.0,100.0,66.66666666666666,33.33333333333333
aws-samples/amazon-chime-sdk-js-device-demo,35.0,35.0,1.0,0.0,1.0,0.0,AWS,0.0,100.0,100.0,0.0
aws-samples/amazon-chime-sdk-lex-pstn-demo,0.0,0.0,2.0,0.0,2.0,0.0,AWS,0.0,100.0,100.0,0.0
aws-samples/amazon-chime-sdk-meetings-breakout-rooms,28.5,28.5,2.0,0.0,2.0,0.0,AWS,0.0,100.0,100.0,0.0
aws-samples/amazon-chime-sdk-pstn-cdk,0.0,0.0,2.0,0.0,2.0,0.0,AWS,0.0,100.0,100.0,0.0
aws-samples/amazon-chime-sdk-pstn-provider,0.0,0.0,1.0,0.0,1.0,0.0,AWS,0.0,100.0,100.0,0.0
aws-samples/amazon-chime-sdk-recording-demo,54.2,55.75,5.0,3.0,4.0,1.0,AWS,37.5,62.5,80.0,20.0
aws-samples/amazon-chime-sdk-smart-video-sending-demo,14.11111111111111,1.1764705882352942,18.0,0.0,17.0,1.0,AWS,0.0,100.0,94.44444444444444,5.555555555555555
aws-samples/amazon-chime-voice-connector-automated-reports,0.0,0.0,1.0,0.0,1.0,0.0,AWS,0.0,100.0,100.0,0.0
aws-samples/amazon-chime-voiceconnector-transcription,0.0,0.0,4.0,0.0,3.0,1.0,AWS,0.0,100.0,75.0,25.0
aws-samples/amazon-cloudfront-access-logs-queries,10.25,13.666666666666666,4.0,3.0,3.0,1.0,AWS,42.857142857142854,57.14285714285714,75.0,25.0
aws-samples/amazon-cloudfront-functions,28.333333333333332,28.333333333333332,6.0,3.0,6.0,0.0,AWS,33.33333333333333,66.66666666666666,100.0,0.0
aws-samples/amazon-cloudfront-secure-static-site,56.0,56.0,1.0,2.0,1.0,0.0,AWS,66.66666666666666,33.33333333333333,100.0,0.0
aws-samples/amazon-cloudfront-signed-urls-using-lambda-secretsmanager,22.0,22.0,4.0,0.0,3.0,1.0,AWS,0.0,100.0,75.0,25.0
aws-samples/amazon-cloudfront-waf-secretsmanager,5.0,5.0,1.0,0.0,1.0,0.0,AWS,0.0,100.0,100.0,0.0
aws-samples/amazon-cloudwatch-agent-to-archive-logs,3.0,3.0,1.0,0.0,1.0,0.0,AWS,0.0,100.0,100.0,0.0
aws-samples/amazon-cloudwatch-alarms-controller-for-kubernetes,0.0,0.0,1.0,1.0,1.0,0.0,AWS,50.0,50.0,100.0,0.0
aws-samples/amazon-cloudwatch-auto-alarms,112.0,112.0,1.0,0.0,1.0,0.0,AWS,0.0,100.0,100.0,0.0
aws-samples/amazon-cloudwatch-container-insights,16.0,16.0,4.0,8.0,4.0,0.0,AWS,66.66666666666666,33.33333333333333,100.0,0.0
aws-samples/amazon-cloudwatch-percentiles-high-volume-data-monitoring,0.0,0.0,1.0,1.0,1.0,0.0,AWS,50.0,50.0,100.0,0.0
aws-samples/amazon-codeguru-reviewer-sample-app,0.0,0.0,4.0,77.0,2.0,2.0,AWS,95.06172839506173,4.938271604938271,50.0,50.0
aws-samples/amazon-cognito-example-for-external-idp,3.25,3.25,4.0,3.0,4.0,0.0,AWS,42.857142857142854,57.14285714285714,100.0,0.0
aws-samples/amazon-cognito-facial-recognition-auth,245.5,3.0,2.0,0.0,1.0,1.0,AWS,0.0,100.0,50.0,50.0
aws-samples/amazon-cognito-identity-management-workshop,20.0,20.0,1.0,2.0,1.0,0.0,AWS,66.66666666666666,33.33333333333333,100.0,0.0
aws-samples/amazon-comprehend-custom-entity,,,0.0,1.0,0.0,0.0,AWS,100.0,0.0,,
aws-samples/amazon-comprehend-doc-search,57.0,57.0,1.0,1.0,1.0,0.0,AWS,50.0,50.0,100.0,0.0
aws-samples/amazon-comprehend-examples,20.666666666666668,20.666666666666668,3.0,0.0,3.0,0.0,AWS,0.0,100.0,100.0,0.0
aws-samples/amazon-comprehend-immersion-day,0.0,0.0,4.0,0.0,4.0,0.0,AWS,0.0,100.0,100.0,0.0
aws-samples/amazon-comprehend-medical-fhir-integration,194.0,194.0,1.0,0.0,1.0,0.0,AWS,0.0,100.0,100.0,0.0
aws-samples/amazon-congnito-user-pool-exporter,0.0,0.0,1.0,0.0,1.0,0.0,AWS,0.0,100.0,100.0,0.0
aws-samples/amazon-connect-power-dialer,0.0,,1.0,0.0,0.0,1.0,AWS,0.0,100.0,0.0,100.0
aws-samples/amazon-connect-workshop,,,0.0,1.0,0.0,0.0,AWS,100.0,0.0,,
aws-samples/amazon-dax-lambda-nodejs-sample,78.0,,1.0,0.0,0.0,1.0,AWS,0.0,100.0,0.0,100.0
aws-samples/amazon-deequ-glue,0.0,0.0,2.0,0.0,2.0,0.0,AWS,0.0,100.0,100.0,0.0
aws-samples/amazon-detective-multiaccount-scripts,5.25,5.25,4.0,1.0,4.0,0.0,AWS,20.0,80.0,100.0,0.0
aws-samples/amazon-devopsguru-samples,0.0,0.0,1.0,0.0,1.0,0.0,AWS,0.0,100.0,100.0,0.0
aws-samples/amazon-documentdb-integration-with-application-autoscaler,,,0.0,1.0,0.0,0.0,AWS,100.0,0.0,,
aws-samples/amazon-documentdb-samples,5.125,5.125,8.0,0.0,8.0,0.0,AWS,0.0,100.0,100.0,0.0
aws-samples/amazon-dynamodb-labs,17.958333333333332,17.958333333333332,24.0,4.0,24.0,0.0,AWS,14.285714285714285,85.71428571428571,100.0,0.0
aws-samples/amazon-ec2-image-builder-samples,13.833333333333334,13.833333333333334,6.0,2.0,6.0,0.0,AWS,25.0,75.0,100.0,0.0
aws-samples/amazon-ec2-mssql-workshop,0.0,0.0,2.0,0.0,2.0,0.0,AWS,0.0,100.0,100.0,0.0
aws-samples/amazon-ecr-continuous-scan,0.0,0.0,1.0,0.0,1.0,0.0,AWS,0.0,100.0,100.0,0.0
aws-samples/amazon-ecr-cross-region-replication,1.5,1.5,2.0,0.0,2.0,0.0,AWS,0.0,100.0,100.0,0.0
aws-samples/amazon-ecs-and-aws-step-functions-design-patterns-starter-kit,0.0,0.0,1.0,0.0,1.0,0.0,AWS,0.0,100.0,100.0,0.0
aws-samples/amazon-ecs-catsndogs-workshop,,,0.0,1.0,0.0,0.0,AWS,100.0,0.0,,
aws-samples/amazon-ecs-chargeback,,,0.0,1.0,0.0,0.0,AWS,100.0,0.0,,
aws-samples/amazon-ecs-cli-sample-app,,,0.0,1.0,0.0,0.0,AWS,100.0,0.0,,
aws-samples/amazon-ecs-fargate-cdk-cicd,5.142857142857143,4.0,7.0,0.0,3.0,4.0,AWS,0.0,100.0,42.857142857142854,57.14285714285714
aws-samples/amazon-ecs-fargate-consul-connect-example,,,0.0,1.0,0.0,0.0,AWS,100.0,0.0,,
aws-samples/amazon-ecs-fargate-workshop-dev-ops-data,0.0,0.0,1.0,1.0,1.0,0.0,AWS,50.0,50.0,100.0,0.0
aws-samples/amazon-ecs-firelens-examples,8.222222222222221,9.25,9.0,0.0,8.0,1.0,AWS,0.0,100.0,88.88888888888889,11.11111111111111
aws-samples/amazon-ecs-fullstack-app-terraform,,,0.0,1.0,0.0,0.0,AWS,100.0,0.0,,
aws-samples/amazon-ecs-gmsa,,,0.0,1.0,0.0,0.0,AWS,100.0,0.0,,
aws-samples/amazon-ecs-mythicalmysfits-workshop,69.0,69.0,4.0,6.0,4.0,0.0,AWS,60.0,40.0,100.0,0.0
aws-samples/amazon-ecs-stopped-tasks-cwlogs,56.0,,1.0,0.0,0.0,1.0,AWS,0.0,100.0,0.0,100.0
aws-samples/amazon-efs-tutorial,,,0.0,2.0,0.0,0.0,AWS,100.0,0.0,,
aws-samples/amazon-eks-cdk-blue-green-cicd,23.0,,2.0,0.0,0.0,2.0,AWS,0.0,100.0,0.0,100.0
aws-samples/amazon-eks-cicd-codebuild,0.0,0.0,2.0,0.0,2.0,0.0,AWS,0.0,100.0,100.0,0.0
aws-samples/amazon-eks-custom-amis,5.083333333333333,2.375,12.0,6.0,8.0,4.0,AWS,33.33333333333333,66.66666666666666,66.66666666666666,33.33333333333333
aws-samples/amazon-eks-gmsa,2.0,2.0,1.0,1.0,1.0,0.0,AWS,50.0,50.0,100.0,0.0
aws-samples/amazon-eks-jenkins-terraform,,,0.0,1.0,0.0,0.0,AWS,100.0,0.0,,
aws-samples/amazon-eks-machine-learning-with-terraform-and-kubeflow,10.0,10.0,1.0,0.0,1.0,0.0,AWS,0.0,100.0,100.0,0.0
aws-samples/amazon-eks-observability-demo,0.0,0.0,1.0,1.0,1.0,0.0,AWS,50.0,50.0,100.0,0.0
aws-samples/amazon-eks-saga-orchestration,0.0,0.0,2.0,0.0,2.0,0.0,AWS,0.0,100.0,100.0,0.0
aws-samples/amazon-elasticache-samples,152.0,,1.0,0.0,0.0,1.0,AWS,0.0,100.0,0.0,100.0
aws-samples/amazon-elasticsearch-intro-workshop,0.5,0.5,2.0,0.0,2.0,0.0,AWS,0.0,100.0,100.0,0.0
aws-samples/amazon-elasticsearch-service-with-cognito,0.0,0.0,1.0,0.0,1.0,0.0,AWS,0.0,100.0,100.0,0.0
aws-samples/amazon-emr-on-eks-scale-test-tool,13.0,13.0,1.0,0.0,1.0,0.0,AWS,0.0,100.0,100.0,0.0
aws-samples/amazon-eventbridge-cdk-audit-service-sample,0.0,0.0,1.0,0.0,1.0,0.0,AWS,0.0,100.0,100.0,0.0
aws-samples/amazon-eventbridge-resource-policy-samples,0.0,0.0,1.0,0.0,1.0,0.0,AWS,0.0,100.0,100.0,0.0
aws-samples/amazon-forecast-automation,0.0,0.0,1.0,0.0,1.0,0.0,AWS,0.0,100.0,100.0,0.0
aws-samples/amazon-forecast-samples,20.0,18.458333333333332,26.0,1.0,24.0,2.0,AWS,3.7037037037037033,96.29629629629629,92.3076923076923,7.6923076923076925
aws-samples/amazon-fraud-detector-bot-detection-demo,,,0.0,1.0,0.0,0.0,AWS,100.0,0.0,,
aws-samples/amazon-frauddetector-mlops-multiaccount-cdk,1.0,1.0,1.0,0.0,1.0,0.0,AWS,0.0,100.0,100.0,0.0
aws-samples/amazon-freertos-ota-scripts,6.0,6.0,2.0,0.0,2.0,0.0,AWS,0.0,100.0,100.0,0.0
aws-samples/amazon-fsx-workshop,197.5,,2.0,2.0,0.0,2.0,AWS,50.0,50.0,0.0,100.0
aws-samples/amazon-gamelift-ultrafrogroyale-large-match-sample,4.0,4.0,1.0,0.0,1.0,0.0,AWS,0.0,100.0,100.0,0.0
aws-samples/amazon-guardduty-hands-on,1.6666666666666667,1.6666666666666667,3.0,0.0,3.0,0.0,AWS,0.0,100.0,100.0,0.0
aws-samples/amazon-guardduty-multiaccount-scripts,9.0,9.0,1.0,1.0,1.0,0.0,AWS,50.0,50.0,100.0,0.0
aws-samples/amazon-guardduty-to-slack,183.25,98.5,4.0,0.0,2.0,2.0,AWS,0.0,100.0,50.0,50.0
aws-samples/amazon-guardduty-to-splunk-enterprise-demo,,,0.0,1.0,0.0,0.0,AWS,100.0,0.0,,
aws-samples/amazon-ivs-auto-record-to-s3-web-demo,1.3333333333333333,1.3333333333333333,3.0,0.0,3.0,0.0,AWS,0.0,100.0,100.0,0.0
aws-samples/amazon-ivs-basic-web-sample,0.0,0.0,1.0,0.0,1.0,0.0,AWS,0.0,100.0,100.0,0.0
aws-samples/amazon-ivs-broadcast-for-android-demo,6.0,6.0,1.0,1.0,1.0,0.0,AWS,50.0,50.0,100.0,0.0
aws-samples/amazon-ivs-broadcast-for-ios-demo,8.0,8.0,1.0,0.0,1.0,0.0,AWS,0.0,100.0,100.0,0.0
aws-samples/amazon-ivs-chime-web-demo,0.25,0.25,4.0,0.0,4.0,0.0,AWS,0.0,100.0,100.0,0.0
aws-samples/amazon-ivs-clip-web-demo,0.5,0.5,2.0,0.0,2.0,0.0,AWS,0.0,100.0,100.0,0.0
aws-samples/amazon-ivs-closed-captions-web-demo,0.3333333333333333,0.3333333333333333,3.0,0.0,3.0,0.0,AWS,0.0,100.0,100.0,0.0
aws-samples/amazon-ivs-ecommerce-android-demo,10.6,10.6,10.0,0.0,10.0,0.0,AWS,0.0,100.0,100.0,0.0
aws-samples/amazon-ivs-ecommerce-ios-demo,6.285714285714286,6.285714285714286,7.0,0.0,7.0,0.0,AWS,0.0,100.0,100.0,0.0
aws-samples/amazon-ivs-ecommerce-web-demo,0.0,0.0,2.0,0.0,2.0,0.0,AWS,0.0,100.0,100.0,0.0
aws-samples/amazon-ivs-feed-android-demo,0.8571428571428571,0.8571428571428571,7.0,0.0,7.0,0.0,AWS,0.0,100.0,100.0,0.0
aws-samples/amazon-ivs-feed-ios-demo,1.7142857142857142,1.7142857142857142,7.0,0.0,7.0,0.0,AWS,0.0,100.0,100.0,0.0
aws-samples/amazon-ivs-feed-web-demo,1.5,1.5,4.0,0.0,4.0,0.0,AWS,0.0,100.0,100.0,0.0
aws-samples/amazon-ivs-mini-player-web-demo,1.5,1.5,2.0,0.0,2.0,0.0,AWS,0.0,100.0,100.0,0.0
aws-samples/amazon-ivs-moderation-with-record-to-s3-web-demo,2.25,2.25,4.0,0.0,4.0,0.0,AWS,0.0,100.0,100.0,0.0
aws-samples/amazon-ivs-multiple-players-android-demo,1.0,1.0,1.0,0.0,1.0,0.0,AWS,0.0,100.0,100.0,0.0
aws-samples/amazon-ivs-multiple-players-ios-demo,1.0,1.0,1.0,0.0,1.0,0.0,AWS,0.0,100.0,100.0,0.0
aws-samples/amazon-ivs-optimizations-android-demo,1.0,1.0,1.0,0.0,1.0,0.0,AWS,0.0,100.0,100.0,0.0
aws-samples/amazon-ivs-optimizations-ios-demo,1.0,1.0,1.0,0.0,1.0,0.0,AWS,0.0,100.0,100.0,0.0
aws-samples/amazon-ivs-player-web-sample,0.0,0.0,1.0,1.0,1.0,0.0,AWS,50.0,50.0,100.0,0.0
aws-samples/amazon-ivs-qos-dashboard-timed-metadata-sample,0.3333333333333333,0.3333333333333333,3.0,0.0,3.0,0.0,AWS,0.0,100.0,100.0,0.0
aws-samples/amazon-ivs-simple-chat-web-demo,0.0,0.0,2.0,0.0,2.0,0.0,AWS,0.0,100.0,100.0,0.0
aws-samples/amazon-ivs-ugc-web-demo,0.6666666666666666,0.6666666666666666,3.0,0.0,3.0,0.0,AWS,0.0,100.0,100.0,0.0
aws-samples/amazon-ivs-virtual-qa-web-demo,3.0,3.0,3.0,0.0,3.0,0.0,AWS,0.0,100.0,100.0,0.0
aws-samples/amazon-k8s-node-drainer,0.3333333333333333,0.3333333333333333,3.0,0.0,3.0,0.0,AWS,0.0,100.0,100.0,0.0
aws-samples/amazon-keyspaces-emr-featurestore-kit,2.0,2.0,2.0,0.0,2.0,0.0,AWS,0.0,100.0,100.0,0.0
aws-samples/amazon-keyspaces-examples,3.1538461538461537,3.1538461538461537,13.0,2.0,13.0,0.0,AWS,13.333333333333334,86.66666666666667,100.0,0.0
aws-samples/amazon-keyspaces-toolkit,7.25,7.25,4.0,1.0,4.0,0.0,AWS,20.0,80.0,100.0,0.0
aws-samples/amazon-kinesis-analytics-beam-taxi-consumer,0.5,0.5,2.0,0.0,2.0,0.0,AWS,0.0,100.0,100.0,0.0
aws-samples/amazon-kinesis-analytics-streaming-etl,2.0,2.0,1.0,0.0,1.0,0.0,AWS,0.0,100.0,100.0,0.0
aws-samples/amazon-kinesis-data-analytics-flink-benchmarking-utility,0.0,0.0,1.0,0.0,1.0,0.0,AWS,0.0,100.0,100.0,0.0
aws-samples/amazon-kinesis-data-analytics-java-examples,54.5,54.5,4.0,1.0,4.0,0.0,AWS,20.0,80.0,100.0,0.0
aws-samples/amazon-kinesis-data-analytics-snapshot-manager-for-flink,1.0,1.0,1.0,0.0,1.0,0.0,AWS,0.0,100.0,100.0,0.0
aws-samples/amazon-kinesis-data-processor-aws-fargate,,,0.0,1.0,0.0,0.0,AWS,100.0,0.0,,
aws-samples/amazon-kinesis-data-streams-for-dynamodb,4.0,4.0,1.0,0.0,1.0,0.0,AWS,0.0,100.0,100.0,0.0
aws-samples/amazon-kinesis-learning,,,0.0,1.0,0.0,0.0,AWS,100.0,0.0,,
aws-samples/amazon-kinesis-replay,21.0,21.0,1.0,0.0,1.0,0.0,AWS,0.0,100.0,100.0,0.0
aws-samples/amazon-kinesis-video-streams-demos,6.3,6.555555555555555,10.0,1.0,9.0,1.0,AWS,9.090909090909092,90.9090909090909,90.0,10.0
aws-samples/amazon-kinesis-video-streams-media-screencast-android,,,0.0,1.0,0.0,0.0,AWS,100.0,0.0,,
aws-samples/amazon-kinesis-video-streams-media-viewer,1.0,1.0,1.0,0.0,1.0,0.0,AWS,0.0,100.0,100.0,0.0
aws-samples/amazon-kinesis-video-streams-producer-embedded-c,2.0,2.0,2.0,0.0,2.0,0.0,AWS,0.0,100.0,100.0,0.0
aws-samples/amazon-kinesis-video-streams-webrtc-sdk-c-for-freertos,,,0.0,1.0,0.0,0.0,AWS,100.0,0.0,,
aws-samples/amazon-kinesis-video-streams-webrtc-sdk-js-with-amazon-cognito,,,0.0,1.0,0.0,0.0,AWS,100.0,0.0,,
aws-samples/amazon-lex-bot-deploy,2.0,2.0,1.0,0.0,1.0,0.0,AWS,0.0,100.0,100.0,0.0
aws-samples/amazon-lex-bot-test,,,0.0,1.0,0.0,0.0,AWS,100.0,0.0,,
aws-samples/amazon-lex-customerservice-workshop,119.0,,2.0,0.0,0.0,2.0,AWS,0.0,100.0,0.0,100.0
aws-samples/amazon-lex-support-bot,,,0.0,1.0,0.0,0.0,AWS,100.0,0.0,,
aws-samples/amazon-location-samples,32.24,25.458333333333332,25.0,3.0,24.0,1.0,AWS,10.714285714285714,89.28571428571429,96.0,4.0
aws-samples/amazon-lookout-for-equipment,1.0,1.0,1.0,0.0,1.0,0.0,AWS,0.0,100.0,100.0,0.0
aws-samples/amazon-lookout-for-metrics-samples,7.538461538461538,4.916666666666667,13.0,1.0,12.0,1.0,AWS,7.142857142857142,92.85714285714286,92.3076923076923,7.6923076923076925
aws-samples/amazon-lookout-for-vision,1.0,1.0,2.0,0.0,2.0,0.0,AWS,0.0,100.0,100.0,0.0
aws-samples/amazon-mwaa-examples,2.1666666666666665,2.1666666666666665,6.0,3.0,6.0,0.0,AWS,33.33333333333333,66.66666666666666,100.0,0.0
aws-samples/amazon-neptune-samples,2.727272727272727,2.727272727272727,11.0,0.0,11.0,0.0,AWS,0.0,100.0,100.0,0.0
aws-samples/amazon-personalize-automated-retraining,3.0,3.0,1.0,0.0,1.0,0.0,AWS,0.0,100.0,100.0,0.0
aws-samples/amazon-personalize-immersion-day,9.5,9.5,6.0,1.0,6.0,0.0,AWS,14.285714285714285,85.71428571428571,100.0,0.0
aws-samples/amazon-personalize-samples,41.94117647058823,41.94117647058823,17.0,3.0,17.0,0.0,AWS,15.0,85.0,100.0,0.0
aws-samples/amazon-pinpoint-call-generator,1.0,1.0,1.0,1.0,1.0,0.0,AWS,50.0,50.0,100.0,0.0
aws-samples/amazon-pinpoint-connect-callback-requestor,7.0,7.0,1.0,0.0,1.0,0.0,AWS,0.0,100.0,100.0,0.0
aws-samples/amazon-pinpoint-lex-bot,21.0,21.0,1.0,0.0,1.0,0.0,AWS,0.0,100.0,100.0,0.0
aws-samples/amazon-pinpoint-voice-channel,0.0,0.0,1.0,0.0,1.0,0.0,AWS,0.0,100.0,100.0,0.0
aws-samples/amazon-qldb-dmv-sample-dotnet,0.0,0.0,1.0,1.0,1.0,0.0,AWS,50.0,50.0,100.0,0.0
aws-samples/amazon-qldb-dmv-sample-java,0.0,,1.0,1.0,0.0,1.0,AWS,50.0,50.0,0.0,100.0
aws-samples/amazon-qldb-dmv-sample-nodejs,0.0,0.0,1.0,1.0,1.0,0.0,AWS,50.0,50.0,100.0,0.0
aws-samples/amazon-qldb-dmv-sample-python,0.0,,1.0,1.0,0.0,1.0,AWS,50.0,50.0,0.0,100.0
aws-samples/amazon-quicksight-sdk-proserve,3.5384615384615383,3.5384615384615383,13.0,0.0,13.0,0.0,AWS,0.0,100.0,100.0,0.0
aws-samples/amazon-redshift-infrastructure-automation,0.0,0.0,1.0,0.0,1.0,0.0,AWS,0.0,100.0,100.0,0.0
aws-samples/amazon-redshift-udfs,0.0,0.0,4.0,0.0,2.0,2.0,AWS,0.0,100.0,50.0,50.0
aws-samples/amazon-redshift-with-cloudformation,,,0.0,1.0,0.0,0.0,AWS,100.0,0.0,,
aws-samples/amazon-rekognition-code-samples,6.666666666666667,6.666666666666667,3.0,0.0,3.0,0.0,AWS,0.0,100.0,100.0,0.0
aws-samples/amazon-rekognition-custom-brand-detection,,,0.0,1.0,0.0,0.0,AWS,100.0,0.0,,
aws-samples/amazon-rekognition-custom-labels-demo,0.0,0.0,1.0,0.0,1.0,0.0,AWS,0.0,100.0,100.0,0.0
aws-samples/amazon-rekognition-custom-labels-feedback-solution,65.0,65.0,1.0,0.0,1.0,0.0,AWS,0.0,100.0,100.0,0.0
aws-samples/amazon-rekognition-custom-ppe-detection-with-custom-labels,,,0.0,1.0,0.0,0.0,AWS,100.0,0.0,,
aws-samples/amazon-rekognition-engagement-meter,0.0,0.0,1.0,0.0,1.0,0.0,AWS,0.0,100.0,100.0,0.0
aws-samples/amazon-rekognition-serverless-large-scale-image-and-video-processing,2.0,2.0,1.0,0.0,1.0,0.0,AWS,0.0,100.0,100.0,0.0
aws-samples/amazon-rekognition-shot-detection-demo-using-segment-api,,,0.0,1.0,0.0,0.0,AWS,100.0,0.0,,
aws-samples/amazon-rekognition-video-analyzer,,,0.0,1.0,0.0,0.0,AWS,100.0,0.0,,
aws-samples/amazon-s3-datalake-handson,0.5,0.5,2.0,0.0,2.0,0.0,AWS,0.0,100.0,100.0,0.0
aws-samples/amazon-s3-presigned-urls-aws-sam,,,0.0,3.0,0.0,0.0,AWS,100.0,0.0,,
aws-samples/amazon-sagemaker-BYOD-template,,,0.0,1.0,0.0,0.0,AWS,100.0,0.0,,
aws-samples/amazon-sagemaker-architecting-for-ml,,,0.0,3.0,0.0,0.0,AWS,100.0,0.0,,
aws-samples/amazon-sagemaker-aws-greengrass-custom-timeseries-forecasting,1.0,1.0,2.0,0.0,2.0,0.0,AWS,0.0,100.0,100.0,0.0
aws-samples/amazon-sagemaker-bert-pytorch,0.0,0.0,4.0,0.0,4.0,0.0,AWS,0.0,100.0,100.0,0.0
aws-samples/amazon-sagemaker-brain-segmentation,,,0.0,1.0,0.0,0.0,AWS,100.0,0.0,,
aws-samples/amazon-sagemaker-build-train-deploy,105.0,0.0,2.0,0.0,1.0,1.0,AWS,0.0,100.0,50.0,50.0
aws-samples/amazon-sagemaker-built-in-algorithms-mlops-pipeline-using-aws-cdk,0.0,0.0,1.0,0.0,1.0,0.0,AWS,0.0,100.0,100.0,0.0
aws-samples/amazon-sagemaker-cdk-examples,,,0.0,1.0,0.0,0.0,AWS,100.0,0.0,,
aws-samples/amazon-sagemaker-credit-risk-prediction-explainability-bias-detection,0.0,0.0,1.0,1.0,1.0,0.0,AWS,50.0,50.0,100.0,0.0
aws-samples/amazon-sagemaker-custom-recommender-system,,,0.0,1.0,0.0,0.0,AWS,100.0,0.0,,
aws-samples/amazon-sagemaker-cv,,,0.0,3.0,0.0,0.0,AWS,100.0,0.0,,
aws-samples/amazon-sagemaker-data-quality-monitor-custom-preprocessing,0.0,0.0,1.0,0.0,1.0,0.0,AWS,0.0,100.0,100.0,0.0
aws-samples/amazon-sagemaker-deepar-retail,,,0.0,2.0,0.0,0.0,AWS,100.0,0.0,,
aws-samples/amazon-sagemaker-edge-manager-workshop,36.0,36.0,1.0,0.0,1.0,0.0,AWS,0.0,100.0,100.0,0.0
aws-samples/amazon-sagemaker-entrypoint-utilities,0.0,0.0,3.0,0.0,3.0,0.0,AWS,0.0,100.0,100.0,0.0
aws-samples/amazon-sagemaker-examples-jp,16.5625,16.5625,16.0,2.0,16.0,0.0,AWS,11.11111111111111,88.88888888888889,100.0,0.0
aws-samples/amazon-sagemaker-feature-store-end-to-end-workshop,5.666666666666667,5.666666666666667,9.0,0.0,9.0,0.0,AWS,0.0,100.0,100.0,0.0
aws-samples/amazon-sagemaker-feature-store-streaming-aggregation,3.0,3.0,1.0,1.0,1.0,0.0,AWS,50.0,50.0,100.0,0.0
aws-samples/amazon-sagemaker-forecast-algorithms-benchmark-using-gluonts,11.0,11.0,1.0,0.0,1.0,0.0,AWS,0.0,100.0,100.0,0.0
aws-samples/amazon-sagemaker-fraud-detection,,,0.0,2.0,0.0,0.0,AWS,100.0,0.0,,
aws-samples/amazon-sagemaker-gluonts-timeseriesforecasting-with-debuggerandexperiments,12.0,12.0,2.0,2.0,2.0,0.0,AWS,50.0,50.0,100.0,0.0
aws-samples/amazon-sagemaker-ground-truth-task-uis,41.5,41.5,2.0,0.0,2.0,0.0,AWS,0.0,100.0,100.0,0.0
aws-samples/amazon-sagemaker-groundtruth-conversion-kit,,,0.0,1.0,0.0,0.0,AWS,100.0,0.0,,
aws-samples/amazon-sagemaker-healthcare-fraud-detection,,,0.0,2.0,0.0,0.0,AWS,100.0,0.0,,
aws-samples/amazon-sagemaker-immersion-day,9.833333333333334,9.3,12.0,2.0,10.0,2.0,AWS,14.285714285714285,85.71428571428571,83.33333333333334,16.666666666666664
aws-samples/amazon-sagemaker-integration-with-snowflake,1.8461538461538463,1.8461538461538463,13.0,0.0,13.0,0.0,AWS,0.0,100.0,100.0,0.0
aws-samples/amazon-sagemaker-kernel-builder,6.0,6.0,1.0,0.0,1.0,0.0,AWS,0.0,100.0,100.0,0.0
aws-samples/amazon-sagemaker-local-mode,0.25,0.25,4.0,0.0,4.0,0.0,AWS,0.0,100.0,100.0,0.0
aws-samples/amazon-sagemaker-mlops-with-featurestore-and-datawrangler,0.0,0.0,1.0,0.0,1.0,0.0,AWS,0.0,100.0,100.0,0.0
aws-samples/amazon-sagemaker-mlops-workshop,0.0,0.0,4.0,0.0,4.0,0.0,AWS,0.0,100.0,100.0,0.0
aws-samples/amazon-sagemaker-model-serving-using-aws-cdk,0.5,0.5,2.0,0.0,2.0,0.0,AWS,0.0,100.0,100.0,0.0
aws-samples/amazon-sagemaker-monai-examples,29.0,29.0,1.0,0.0,1.0,0.0,AWS,0.0,100.0,100.0,0.0
aws-samples/amazon-sagemaker-nlu-search,2.0,2.0,1.0,0.0,1.0,0.0,AWS,0.0,100.0,100.0,0.0
aws-samples/amazon-sagemaker-notebook-instance-lifecycle-config-samples,38.333333333333336,38.333333333333336,9.0,4.0,9.0,0.0,AWS,30.76923076923077,69.23076923076923,100.0,0.0
aws-samples/amazon-sagemaker-optuna-hpo-blog,,,0.0,1.0,0.0,0.0,AWS,100.0,0.0,,
aws-samples/amazon-sagemaker-predictive-maintenance-deployed-at-edge,0.375,0.375,8.0,0.0,8.0,0.0,AWS,0.0,100.0,100.0,0.0
aws-samples/amazon-sagemaker-pytorch-detectron2,,,0.0,1.0,0.0,0.0,AWS,100.0,0.0,,
aws-samples/amazon-sagemaker-safe-deployment-pipeline,2.2222222222222223,2.2222222222222223,9.0,0.0,9.0,0.0,AWS,0.0,100.0,100.0,0.0
aws-samples/amazon-sagemaker-script-mode,2.3333333333333335,2.3333333333333335,6.0,0.0,6.0,0.0,AWS,0.0,100.0,100.0,0.0
aws-samples/amazon-sagemaker-secure-mlops,,,0.0,1.0,0.0,0.0,AWS,100.0,0.0,,
aws-samples/amazon-sagemaker-studio-vpc-blog,35.0,35.0,1.0,0.0,1.0,0.0,AWS,0.0,100.0,100.0,0.0
aws-samples/amazon-sagemaker-to-aws-lambda-pipeline-blogpost,,,0.0,1.0,0.0,0.0,AWS,100.0,0.0,,
aws-samples/amazon-sagemaker-visual-search,,,0.0,1.0,0.0,0.0,AWS,100.0,0.0,,
aws-samples/amazon-serverless-datalake-workshop,0.5,0.5,2.0,0.0,2.0,0.0,AWS,0.0,100.0,100.0,0.0
aws-samples/amazon-sqs-samples,,,0.0,1.0,0.0,0.0,AWS,100.0,0.0,,
aws-samples/amazon-sumerian-arcore-starter-app,12.0,12.0,1.0,0.0,1.0,0.0,AWS,0.0,100.0,100.0,0.0
aws-samples/amazon-sumerian-host-samples,1.0,1.0,1.0,0.0,1.0,0.0,AWS,0.0,100.0,100.0,0.0
aws-samples/amazon-sumerian-hosts,193.0,193.0,1.0,0.0,1.0,0.0,AWS,0.0,100.0,100.0,0.0
aws-samples/amazon-textract-a2i-pdf,0.0,0.0,2.0,2.0,2.0,0.0,AWS,50.0,50.0,100.0,0.0
aws-samples/amazon-textract-and-amazon-comprehend-medical-claims-example,,,0.0,1.0,0.0,0.0,AWS,100.0,0.0,,
aws-samples/amazon-textract-code-samples,197.0,197.0,4.0,3.0,4.0,0.0,AWS,42.857142857142854,57.14285714285714,100.0,0.0
aws-samples/amazon-textract-comprehend-OCRimage-search-and-analyze,482.0,,1.0,0.0,0.0,1.0,AWS,0.0,100.0,0.0,100.0
aws-samples/amazon-textract-comprehend-a2i,10.5,10.5,2.0,1.0,2.0,0.0,AWS,33.33333333333333,66.66666666666666,100.0,0.0
aws-samples/amazon-textract-response-parser,71.85714285714286,21.0,7.0,4.0,5.0,2.0,AWS,36.36363636363637,63.63636363636363,71.42857142857143,28.57142857142857
aws-samples/amazon-textract-serverless-large-scale-document-processing,,,0.0,5.0,0.0,0.0,AWS,100.0,0.0,,
aws-samples/amazon-textract-textractor,103.0,45.6,7.0,0.0,5.0,2.0,AWS,0.0,100.0,71.42857142857143,28.57142857142857
aws-samples/amazon-transcribe-comprehend-medical-twilio,,,0.0,1.0,0.0,0.0,AWS,100.0,0.0,,
aws-samples/amazon-transcribe-email-workflow,,,0.0,2.0,0.0,0.0,AWS,100.0,0.0,,
aws-samples/amazon-transcribe-news-media-analysis,16.0,1.0,2.0,0.0,1.0,1.0,AWS,0.0,100.0,50.0,50.0
aws-samples/amazon-transcribe-output-word-document,,,0.0,1.0,0.0,0.0,AWS,100.0,0.0,,
aws-samples/amazon-vod-preset-convert,,,0.0,1.0,0.0,0.0,AWS,100.0,0.0,,
aws-samples/amazon-workmail-lambda-templates,2.25,2.25,4.0,1.0,4.0,0.0,AWS,20.0,80.0,100.0,0.0
aws-samples/amazon-workspaces-portal-sample,3.0,3.0,1.0,0.0,1.0,0.0,AWS,0.0,100.0,100.0,0.0
aws-samples/amazonmq-invoke-aws-lambda,,,0.0,1.0,0.0,0.0,AWS,100.0,0.0,,
aws-samples/amplify-video-community,2.2222222222222223,2.2222222222222223,9.0,0.0,9.0,0.0,AWS,0.0,100.0,100.0,0.0
aws-samples/amplify-vue-search-example,,,0.0,1.0,0.0,0.0,AWS,100.0,0.0,,
aws-samples/analyzing-reddit-sentiment-with-aws,,,0.0,1.0,0.0,0.0,AWS,100.0,0.0,,
aws-samples/annotate-medical-images-in-dicom-server-and-build-ml-models-on-amazon-sagemaker,1.5,1.5,2.0,0.0,2.0,0.0,AWS,0.0,100.0,100.0,0.0
aws-samples/apn-blog,,,0.0,1.0,0.0,0.0,AWS,100.0,0.0,,
aws-samples/application-migration-with-aws-workshop,1.6923076923076923,1.6923076923076923,26.0,2.0,26.0,0.0,AWS,7.142857142857142,92.85714285714286,100.0,0.0
aws-samples/appsync-refarch-realtime,49.0,49.0,2.0,0.0,2.0,0.0,AWS,0.0,100.0,100.0,0.0
aws-samples/arc325-multiple-accounts-workshop,,,0.0,1.0,0.0,0.0,AWS,100.0,0.0,,
aws-samples/arduino-aws-greengrass-iot,0.0,0.0,2.0,0.0,1.0,1.0,AWS,0.0,100.0,50.0,50.0
aws-samples/asynchronous-messaging-workshop,68.0,32.5,5.0,4.0,2.0,3.0,AWS,44.44444444444444,55.55555555555556,40.0,60.0
aws-samples/aurora-and-database-migration-labs,9.0,9.0,1.0,0.0,1.0,0.0,AWS,0.0,100.0,100.0,0.0
aws-samples/authorization-lambda-at-edge,62.5,62.5,2.0,1.0,2.0,0.0,AWS,33.33333333333333,66.66666666666666,100.0,0.0
aws-samples/automate-provisioning-of-amazon-workspaces-using-powershell,4.0,4.0,1.0,0.0,1.0,0.0,AWS,0.0,100.0,100.0,0.0
aws-samples/automate-reporting-on-amazon-workspaces-using-powershell,0.0,0.0,1.0,0.0,1.0,0.0,AWS,0.0,100.0,100.0,0.0
aws-samples/automated-incident-response-with-ssm,0.0,0.0,1.0,0.0,1.0,0.0,AWS,0.0,100.0,100.0,0.0
aws-samples/automated-iot-fleet-provisioning-by-claim,0.0,0.0,1.0,2.0,1.0,0.0,AWS,66.66666666666666,33.33333333333333,100.0,0.0
aws-samples/automating-a-security-incident-with-step-functions,86.0,86.0,2.0,0.0,2.0,0.0,AWS,0.0,100.0,100.0,0.0
aws-samples/automating-aws-migration-with-cloudendure-scripts,,,0.0,1.0,0.0,0.0,AWS,100.0,0.0,,
aws-samples/automating-livestream-video-monitoring,15.333333333333334,7.0,3.0,0.0,1.0,2.0,AWS,0.0,100.0,33.33333333333333,66.66666666666666
aws-samples/automl-pipeline-with-autogluon-sagemaker-lambda,,,0.0,1.0,0.0,0.0,AWS,100.0,0.0,,
aws-samples/aws-account-vending-machine,1.5,0.0,2.0,1.0,1.0,1.0,AWS,33.33333333333333,66.66666666666666,50.0,50.0
aws-samples/aws-admartech-samples,0.0,0.0,1.0,0.0,1.0,0.0,AWS,0.0,100.0,100.0,0.0
aws-samples/aws-alexa-workshop,58.0,58.0,1.0,0.0,1.0,0.0,AWS,0.0,100.0,100.0,0.0
aws-samples/aws-alexa-workshop-ask,,,0.0,1.0,0.0,0.0,AWS,100.0,0.0,,
aws-samples/aws-alexa-workshop-smarthome,53.0,53.0,1.0,0.0,1.0,0.0,AWS,0.0,100.0,100.0,0.0
aws-samples/aws-alexa-workshop-smarthome-ui,2.0,2.0,2.0,0.0,2.0,0.0,AWS,0.0,100.0,100.0,0.0
aws-samples/aws-amazon-eks-ansible-example,0.0,0.0,4.0,0.0,4.0,0.0,AWS,0.0,100.0,100.0,0.0
aws-samples/aws-amplify-appsync-graphql-real-time-canvas,0.0,0.0,1.0,2.0,1.0,0.0,AWS,66.66666666666666,33.33333333333333,100.0,0.0
aws-samples/aws-amplify-auth-starters,1.0,1.0,1.0,1.0,1.0,0.0,AWS,50.0,50.0,100.0,0.0
aws-samples/aws-amplify-connect,4.0,4.0,1.0,0.0,1.0,0.0,AWS,0.0,100.0,100.0,0.0
aws-samples/aws-amplify-oidc-federation,,,0.0,1.0,0.0,0.0,AWS,100.0,0.0,,
aws-samples/aws-amplify-quick-notes,139.83333333333334,70.75,6.0,1.0,4.0,2.0,AWS,14.285714285714285,85.71428571428571,66.66666666666666,33.33333333333333
aws-samples/aws-amplify-team-task-tracking,55.0,55.0,1.0,1.0,1.0,0.0,AWS,50.0,50.0,100.0,0.0
aws-samples/aws-analytics-reference-architecture,7.5,7.5,4.0,1.0,4.0,0.0,AWS,20.0,80.0,100.0,0.0
aws-samples/aws-app-mesh-cloudwatch-agent,2.0,2.0,1.0,1.0,1.0,0.0,AWS,50.0,50.0,100.0,0.0
aws-samples/aws-app-mesh-multi-cell-multi-account-service-discovery,,,0.0,1.0,0.0,0.0,AWS,100.0,0.0,,
aws-samples/aws-appconfig-with-quarkus,1.0,1.0,1.0,0.0,1.0,0.0,AWS,0.0,100.0,100.0,0.0
aws-samples/aws-application-auto-scaling-kinesis,,,0.0,2.0,0.0,0.0,AWS,100.0,0.0,,
aws-samples/aws-appmesh-eks-gitlab-cicd,,,0.0,1.0,0.0,0.0,AWS,100.0,0.0,,
aws-samples/aws-apprunner-terraform,6.0,6.0,6.0,1.0,6.0,0.0,AWS,14.285714285714285,85.71428571428571,100.0,0.0
aws-samples/aws-appsync-calorie-tracker-workshop,0.0,0.0,1.0,0.0,1.0,0.0,AWS,0.0,100.0,100.0,0.0
aws-samples/aws-appsync-iot-core-realtime-dashboard,88.0,,1.0,0.0,0.0,1.0,AWS,0.0,100.0,0.0,100.0
aws-samples/aws-appsync-iot-core-realtime-example,88.0,,1.0,0.0,0.0,1.0,AWS,0.0,100.0,0.0,100.0
aws-samples/aws-arch-backoff-simulator,,,0.0,1.0,0.0,0.0,AWS,100.0,0.0,,
aws-samples/aws-athena-udfs-textanalytics,0.0,0.0,1.0,0.0,1.0,0.0,AWS,0.0,100.0,100.0,0.0
aws-samples/aws-auto-inventory,0.0,0.0,1.0,0.0,1.0,0.0,AWS,0.0,100.0,100.0,0.0
aws-samples/aws-batch-comp-infrastructure-sample,27.0,,3.0,0.0,0.0,3.0,AWS,0.0,100.0,0.0,100.0
aws-samples/aws-batch-genomics,,,0.0,1.0,0.0,0.0,AWS,100.0,0.0,,
aws-samples/aws-batch-hordesat-sample,,,0.0,1.0,0.0,0.0,AWS,100.0,0.0,,
aws-samples/aws-batch-processing-job-repo,196.0,196.0,4.0,1.0,4.0,0.0,AWS,20.0,80.0,100.0,0.0
aws-samples/aws-batch-python-sample,1.0,1.0,1.0,0.0,1.0,0.0,AWS,0.0,100.0,100.0,0.0
aws-samples/aws-batch-runtime-monitoring,35.0,,1.0,0.0,0.0,1.0,AWS,0.0,100.0,0.0,100.0
aws-samples/aws-batch-using-nice-dcv,0.0,0.0,1.0,1.0,1.0,0.0,AWS,50.0,50.0,100.0,0.0
aws-samples/aws-best-practices-for-xroad-security-servers,0.0,0.0,2.0,0.0,2.0,0.0,AWS,0.0,100.0,100.0,0.0
aws-samples/aws-blog-codepipeline-third-party-git-build-status,0.0,0.0,2.0,0.0,2.0,0.0,AWS,0.0,100.0,100.0,0.0
aws-samples/aws-bookstore-demo-app,,,0.0,1.0,0.0,0.0,AWS,100.0,0.0,,
aws-samples/aws-bootstrap-kit-examples,13.0,2.625,10.0,0.0,8.0,2.0,AWS,0.0,100.0,80.0,20.0
aws-samples/aws-builders-fair-projects,15.0,15.0,6.0,0.0,6.0,0.0,AWS,0.0,100.0,100.0,0.0
aws-samples/aws-cdk-apigateway-cloudwatch-dashboard,0.0,0.0,1.0,0.0,1.0,0.0,AWS,0.0,100.0,100.0,0.0
aws-samples/aws-cdk-eks-fluxv2-example,0.0,0.0,1.0,1.0,1.0,0.0,AWS,50.0,50.0,100.0,0.0
aws-samples/aws-cdk-elasticache-redis-iam-rbac,0.0,0.0,1.0,0.0,1.0,0.0,AWS,0.0,100.0,100.0,0.0
aws-samples/aws-cdk-emr-s3-trigger,0.0,0.0,2.0,0.0,2.0,0.0,AWS,0.0,100.0,100.0,0.0
aws-samples/aws-cdk-examples,80.08433734939759,64.04225352112677,83.0,37.0,71.0,12.0,AWS,30.833333333333336,69.16666666666667,85.54216867469879,14.457831325301203
aws-samples/aws-cdk-examples-proserve,11.0,11.0,3.0,2.0,3.0,0.0,AWS,40.0,60.0,100.0,0.0
aws-samples/aws-cdk-for-k3scluster,0.29819277108433734,0.0410958904109589,332.0,0.0,292.0,40.0,AWS,0.0,100.0,87.95180722891565,12.048192771084338
aws-samples/aws-cdk-intro-workshop,41.744680851063826,39.170731707317074,47.0,5.0,41.0,6.0,AWS,9.615384615384617,90.38461538461539,87.2340425531915,12.76595744680851
aws-samples/aws-cdk-k8s-dotnet-todo,,,0.0,1.0,0.0,0.0,AWS,100.0,0.0,,
aws-samples/aws-cdk-lambda-container,0.0,0.0,1.0,0.0,1.0,0.0,AWS,0.0,100.0,100.0,0.0
aws-samples/aws-cdk-pipelines-datalake-etl,0.5,0.5,6.0,0.0,6.0,0.0,AWS,0.0,100.0,100.0,0.0
aws-samples/aws-cdk-pipelines-datalake-infrastructure,0.0,0.0,6.0,0.0,6.0,0.0,AWS,0.0,100.0,100.0,0.0
aws-samples/aws-cdk-serverless-app-deployment-example,,,0.0,1.0,0.0,0.0,AWS,100.0,0.0,,
aws-samples/aws-cdk-transparent-squid-proxy,,,0.0,2.0,0.0,0.0,AWS,100.0,0.0,,
aws-samples/aws-cfn-windows-hpc-template,,,0.0,1.0,0.0,0.0,AWS,100.0,0.0,,
aws-samples/aws-cloud9-bootstrapping-example,4.0,4.0,1.0,0.0,1.0,0.0,AWS,0.0,100.0,100.0,0.0
aws-samples/aws-cloudformation-apigw-sap-idocs,97.5,1.0,2.0,0.0,1.0,1.0,AWS,0.0,100.0,50.0,50.0
aws-samples/aws-cloudformation-assertion-examples,,,0.0,3.0,0.0,0.0,AWS,100.0,0.0,,
aws-samples/aws-cloudformation-security-automation-for-wazuh,,,0.0,1.0,0.0,0.0,AWS,100.0,0.0,,
aws-samples/aws-cloudfront-samples,2.6666666666666665,2.6666666666666665,6.0,7.0,6.0,0.0,AWS,53.84615384615385,46.15384615384615,100.0,0.0
aws-samples/aws-cloudhsm-cloudformation-template,0.0,0.0,1.0,0.0,1.0,0.0,AWS,0.0,100.0,100.0,0.0
aws-samples/aws-cloudhsm-jce-examples,1.0,1.0,9.0,1.0,9.0,0.0,AWS,10.0,90.0,100.0,0.0
aws-samples/aws-cloudhsm-pkcs11-examples,0.9166666666666666,0.9166666666666666,12.0,0.0,12.0,0.0,AWS,0.0,100.0,100.0,0.0
aws-samples/aws-cloudwatch-building-dashboard-outside-aws-console,6.0,6.0,1.0,1.0,1.0,0.0,AWS,50.0,50.0,100.0,0.0
aws-samples/aws-code-suite-for-atlassian-connect,,,0.0,1.0,0.0,0.0,AWS,100.0,0.0,,
aws-samples/aws-codebuild-polyglot-application,,,0.0,1.0,0.0,0.0,AWS,100.0,0.0,,
aws-samples/aws-codebuild-samples,18.0,18.0,1.0,2.0,1.0,0.0,AWS,66.66666666666666,33.33333333333333,100.0,0.0
aws-samples/aws-codecommit-devops-model,0.0,0.0,1.0,0.0,1.0,0.0,AWS,0.0,100.0,100.0,0.0
aws-samples/aws-codecommit-pull-request-aws-codebuild,,,0.0,1.0,0.0,0.0,AWS,100.0,0.0,,
aws-samples/aws-codecommit-serverless-backup,,,0.0,1.0,0.0,0.0,AWS,100.0,0.0,,
aws-samples/aws-codedeploy-linear-canary-deployments-blog,0.0,0.0,2.0,1.0,2.0,0.0,AWS,33.33333333333333,66.66666666666666,100.0,0.0
aws-samples/aws-codedeploy-samples,238.5,238.5,2.0,1.0,2.0,0.0,AWS,33.33333333333333,66.66666666666666,100.0,0.0
aws-samples/aws-codeguru-profiler-demo-application,1.6,2.3333333333333335,5.0,1.0,3.0,2.0,AWS,16.666666666666664,83.33333333333334,60.0,40.0
aws-samples/aws-codeguru-profiler-python-demo-application,,,0.0,1.0,0.0,0.0,AWS,100.0,0.0,,
aws-samples/aws-codepipeline-bitbucket-integration,6.333333333333333,6.333333333333333,3.0,1.0,3.0,0.0,AWS,25.0,75.0,100.0,0.0
aws-samples/aws-codepipeline-custom-action,1.3333333333333333,1.3333333333333333,3.0,0.0,3.0,0.0,AWS,0.0,100.0,100.0,0.0
aws-samples/aws-codepipeline-s3-codedeploy-linux,,,0.0,7.0,0.0,0.0,AWS,100.0,0.0,,
aws-samples/aws-codepipeline-stepfunctions,596.0,596.0,1.0,0.0,1.0,0.0,AWS,0.0,100.0,100.0,0.0
aws-samples/aws-codepipeline-synthetic-tests,,,0.0,1.0,0.0,0.0,AWS,100.0,0.0,,
aws-samples/aws-codepipeline-time-windows,,,0.0,1.0,0.0,0.0,AWS,100.0,0.0,,
aws-samples/aws-cognito-apigw-angular-auth,30.0,30.0,1.0,1.0,1.0,0.0,AWS,50.0,50.0,100.0,0.0
aws-samples/aws-cognito-dot-net-desktop-app,0.0,0.0,1.0,0.0,1.0,0.0,AWS,0.0,100.0,100.0,0.0
aws-samples/aws-cognito-java-desktop-app,202.0,202.0,1.0,1.0,1.0,0.0,AWS,50.0,50.0,100.0,0.0
aws-samples/aws-cognito-quicksight-auth,35.0,35.0,2.0,0.0,2.0,0.0,AWS,0.0,100.0,100.0,0.0
aws-samples/aws-comparing-algorithms-performance-mlops-cdk,4.0,4.0,1.0,0.0,1.0,0.0,AWS,0.0,100.0,100.0,0.0
aws-samples/aws-config-track-aged-access-keys,,,0.0,1.0,0.0,0.0,AWS,100.0,0.0,,
aws-samples/aws-container-devsecops-workshop,61.285714285714285,61.285714285714285,7.0,2.0,7.0,0.0,AWS,22.22222222222222,77.77777777777779,100.0,0.0
aws-samples/aws-containers-task-definitions,133.5,133.5,2.0,0.0,2.0,0.0,AWS,0.0,100.0,100.0,0.0
aws-samples/aws-control-tower-account-factory,,,0.0,1.0,0.0,0.0,AWS,100.0,0.0,,
aws-samples/aws-control-tower-automate-account-creation,,,0.0,1.0,0.0,0.0,AWS,100.0,0.0,,
aws-samples/aws-control-tower-guardduty-enabler,9.333333333333334,4.5,3.0,0.0,2.0,1.0,AWS,0.0,100.0,66.66666666666666,33.33333333333333
aws-samples/aws-control-tower-reference-architectures,32.0,0.0,2.0,0.0,1.0,1.0,AWS,0.0,100.0,50.0,50.0
aws-samples/aws-control-tower-securityhub-enabler,3.0,3.0,8.0,0.0,8.0,0.0,AWS,0.0,100.0,100.0,0.0
aws-samples/aws-control-tower-terraform-modules,0.0,0.0,1.0,0.0,1.0,0.0,AWS,0.0,100.0,100.0,0.0
aws-samples/aws-copilot-sample-service,3.0,3.0,3.0,0.0,3.0,0.0,AWS,0.0,100.0,100.0,0.0
aws-samples/aws-cost-explorer-report,67.0,,1.0,1.0,0.0,1.0,AWS,50.0,50.0,0.0,100.0
aws-samples/aws-cross-account-cicd-pipeline,20.0,20.0,1.0,1.0,1.0,0.0,AWS,50.0,50.0,100.0,0.0
aws-samples/aws-cudos-framework-deployment,22.555555555555557,12.615384615384615,18.0,1.0,13.0,5.0,AWS,5.263157894736842,94.73684210526315,72.22222222222221,27.77777777777778
aws-samples/aws-data-lake-solution-cn,258.0,258.0,1.0,0.0,1.0,0.0,AWS,0.0,100.0,100.0,0.0
aws-samples/aws-database-migration-samples,,,0.0,3.0,0.0,0.0,AWS,100.0,0.0,,
aws-samples/aws-dbs-refarch-rdbms,1.0,1.0,1.0,1.0,1.0,0.0,AWS,50.0,50.0,100.0,0.0
aws-samples/aws-deepcomposer-samples,13.666666666666666,13.666666666666666,3.0,4.0,3.0,0.0,AWS,57.14285714285714,42.857142857142854,100.0,0.0
aws-samples/aws-deeplens-recipes,0.0,0.0,1.0,2.0,1.0,0.0,AWS,66.66666666666666,33.33333333333333,100.0,0.0
aws-samples/aws-deeplens-worker-safety-project,,,0.0,1.0,0.0,0.0,AWS,100.0,0.0,,
aws-samples/aws-deepracer-workshops,1.6,1.6,10.0,7.0,10.0,0.0,AWS,41.17647058823529,58.82352941176471,100.0,0.0
aws-samples/aws-dev-fabric-for-sql-server,0.0,0.0,13.0,0.0,13.0,0.0,AWS,0.0,100.0,100.0,0.0
aws-samples/aws-dev-hour-backend,0.0,0.0,4.0,2.0,4.0,0.0,AWS,33.33333333333333,66.66666666666666,100.0,0.0
aws-samples/aws-device-farm-appium-tests-for-sample-app,7.0,7.0,1.0,1.0,1.0,0.0,AWS,50.0,50.0,100.0,0.0
aws-samples/aws-device-farm-sample-app-for-ios,,,0.0,2.0,0.0,0.0,AWS,100.0,0.0,,
aws-samples/aws-devsecops-workshop,,,0.0,1.0,0.0,0.0,AWS,100.0,0.0,,
aws-samples/aws-dms-archive-data,2.0,2.0,1.0,1.0,1.0,0.0,AWS,50.0,50.0,100.0,0.0
aws-samples/aws-dms-getting-started-blog,11.0,11.0,1.0,0.0,1.0,0.0,AWS,0.0,100.0,100.0,0.0
aws-samples/aws-do-eks,,,0.0,1.0,0.0,0.0,AWS,100.0,0.0,,
aws-samples/aws-draco,0.0,0.0,1.0,0.0,1.0,0.0,AWS,0.0,100.0,100.0,0.0
aws-samples/aws-dynamodb-enterprise-application,,,0.0,2.0,0.0,0.0,AWS,100.0,0.0,,
aws-samples/aws-dynamodb-examples,0.23404255319148937,0.23404255319148937,47.0,0.0,47.0,0.0,AWS,0.0,100.0,100.0,0.0
aws-samples/aws-dynamodb-kinesisfirehose-s3-ingestion,0.0,0.0,1.0,0.0,1.0,0.0,AWS,0.0,100.0,100.0,0.0
aws-samples/aws-ec2-autoscaling-php-app-demo,177.0,177.0,1.0,0.0,1.0,0.0,AWS,0.0,100.0,100.0,0.0
aws-samples/aws-ecs-anywhere-workshop-samples,0.0,0.0,5.0,0.0,5.0,0.0,AWS,0.0,100.0,100.0,0.0
aws-samples/aws-ecs-cicd-terraform,0.0,0.0,2.0,2.0,2.0,0.0,AWS,50.0,50.0,100.0,0.0
aws-samples/aws-ecs-devops-using-aws-cdk,0.0,0.0,1.0,0.0,1.0,0.0,AWS,0.0,100.0,100.0,0.0
aws-samples/aws-eda-workshops,,,0.0,1.0,0.0,0.0,AWS,100.0,0.0,,
aws-samples/aws-efa-eks,0.0,,1.0,0.0,0.0,1.0,AWS,0.0,100.0,0.0,100.0
aws-samples/aws-eks-accelerator-for-terraform,8.944444444444445,1.625,18.0,1.0,16.0,2.0,AWS,5.263157894736842,94.73684210526315,88.88888888888889,11.11111111111111
aws-samples/aws-eks-helm-release-management,1.0,1.0,1.0,0.0,1.0,0.0,AWS,0.0,100.0,100.0,0.0
aws-samples/aws-elastic-beanstalk-express-js-sample,48.857142857142854,,7.0,19.0,0.0,7.0,AWS,73.07692307692307,26.923076923076923,0.0,100.0
aws-samples/aws-elasticache-retail-dashboard,167.0,167.0,1.0,1.0,1.0,0.0,AWS,50.0,50.0,100.0,0.0
aws-samples/aws-elemental-media-services-factory,43.333333333333336,19.0,3.0,0.0,2.0,1.0,AWS,0.0,100.0,66.66666666666666,33.33333333333333
aws-samples/aws-emr-apache-ranger,0.0,0.0,1.0,2.0,1.0,0.0,AWS,66.66666666666666,33.33333333333333,100.0,0.0
aws-samples/aws-end-to-end-iot-amplify-demo,10.5,0.0,2.0,1.0,1.0,1.0,AWS,33.33333333333333,66.66666666666666,50.0,50.0
aws-samples/aws-fargate-fast-autoscaler,0.0,0.0,2.0,0.0,1.0,1.0,AWS,0.0,100.0,50.0,50.0
aws-samples/aws-fargate-pipeline-lambda-autoscaling,0.0,0.0,1.0,0.0,1.0,0.0,AWS,0.0,100.0,100.0,0.0
aws-samples/aws-fault-injection-simulator-samples,0.0,0.0,1.0,0.0,1.0,0.0,AWS,0.0,100.0,100.0,0.0
aws-samples/aws-fault-injection-simulator-workshop,11.0,11.0,8.0,0.0,8.0,0.0,AWS,0.0,100.0,100.0,0.0
aws-samples/aws-financial-services-framework,0.0,0.0,2.0,0.0,2.0,0.0,AWS,0.0,100.0,100.0,0.0
aws-samples/aws-financial-services-framework-secret-for-terraform,1.0,1.0,4.0,0.0,4.0,0.0,AWS,0.0,100.0,100.0,0.0
aws-samples/aws-fpga-classroom-setup,,,0.0,1.0,0.0,0.0,AWS,100.0,0.0,,
aws-samples/aws-fraud-detector-samples,0.0,0.0,2.0,0.0,2.0,0.0,AWS,0.0,100.0,100.0,0.0
aws-samples/aws-gamelift-and-serverless-backend-sample,6.8,4.0,5.0,0.0,4.0,1.0,AWS,0.0,100.0,80.0,20.0
aws-samples/aws-games-sa-kr,,,0.0,1.0,0.0,0.0,AWS,100.0,0.0,,
aws-samples/aws-gateway-load-balancer-code-samples,35.0,35.0,2.0,1.0,2.0,0.0,AWS,33.33333333333333,66.66666666666666,100.0,0.0
aws-samples/aws-genomics-workflows,6.096774193548387,6.241379310344827,31.0,2.0,29.0,2.0,AWS,6.0606060606060606,93.93939393939394,93.54838709677419,6.451612903225806
aws-samples/aws-get-started-workshop,3.3,3.764705882352941,20.0,0.0,17.0,3.0,AWS,0.0,100.0,85.0,15.0
aws-samples/aws-glue-samples,17.09090909090909,17.09090909090909,11.0,2.0,11.0,0.0,AWS,15.384615384615385,84.61538461538461,100.0,0.0
aws-samples/aws-glue-tagger-sar,0.0,0.0,1.0,0.0,1.0,0.0,AWS,0.0,100.0,100.0,0.0
aws-samples/aws-golden-ami-pipeline-sample,,,0.0,1.0,0.0,0.0,AWS,100.0,0.0,,
aws-samples/aws-govcloud-continuous-monitoring,,,0.0,1.0,0.0,0.0,AWS,100.0,0.0,,
aws-samples/aws-greengrass-lambda-functions,3.0,3.0,1.0,0.0,1.0,0.0,AWS,0.0,100.0,100.0,0.0
aws-samples/aws-greengrass-samples,4.5,0.5,4.0,0.0,2.0,2.0,AWS,0.0,100.0,50.0,50.0
aws-samples/aws-health-aware,83.66666666666667,,3.0,6.0,0.0,3.0,AWS,66.66666666666666,33.33333333333333,0.0,100.0
aws-samples/aws-health-organizational-view-alerts,,,0.0,2.0,0.0,0.0,AWS,100.0,0.0,,
aws-samples/aws-healthcare-lifescience-ai-ml-sample-notebooks,,,0.0,1.0,0.0,0.0,AWS,100.0,0.0,,
aws-samples/aws-hpc-tutorials,13.685714285714285,8.21875,35.0,2.0,32.0,3.0,AWS,5.405405405405405,94.5945945945946,91.42857142857143,8.571428571428571
aws-samples/aws-iam-access-analyzer-samples,,,0.0,1.0,0.0,0.0,AWS,100.0,0.0,,
aws-samples/aws-iam-access-key-auto-rotation,,,0.0,3.0,0.0,0.0,AWS,100.0,0.0,,
aws-samples/aws-iam-accessadvisor-permissionboundary,,,0.0,1.0,0.0,0.0,AWS,100.0,0.0,,
aws-samples/aws-iam-permissions-guardrails,6.5,6.5,2.0,11.0,2.0,0.0,AWS,84.61538461538461,15.384615384615385,100.0,0.0
aws-samples/aws-iamctl,,,0.0,3.0,0.0,0.0,AWS,100.0,0.0,,
aws-samples/aws-identity-round-robin-workshop,15.857142857142858,15.857142857142858,7.0,1.0,7.0,0.0,AWS,12.5,87.5,100.0,0.0
aws-samples/aws-incident-response-playbooks,40.0,0.0,2.0,0.0,1.0,1.0,AWS,0.0,100.0,50.0,50.0
aws-samples/aws-ingesting-click-logs-using-terraform,31.0,31.0,1.0,0.0,1.0,0.0,AWS,0.0,100.0,100.0,0.0
aws-samples/aws-integrations-for-cloudknox,0.0,0.0,2.0,0.0,2.0,0.0,AWS,0.0,100.0,100.0,0.0
aws-samples/aws-intel-5g,4.25,4.25,4.0,0.0,4.0,0.0,AWS,0.0,100.0,100.0,0.0
aws-samples/aws-iot-alexa-connected-home-demo,,,0.0,1.0,0.0,0.0,AWS,100.0,0.0,,
aws-samples/aws-iot-analytics-workshop,,,0.0,1.0,0.0,0.0,AWS,100.0,0.0,,
aws-samples/aws-iot-chat-example,16.0,16.0,3.0,0.0,3.0,0.0,AWS,0.0,100.0,100.0,0.0
aws-samples/aws-iot-core-acmebots-monitoring,14.5,14.5,2.0,1.0,2.0,0.0,AWS,33.33333333333333,66.66666666666666,100.0,0.0
aws-samples/aws-iot-core-dotnet-app-mqtt-over-websockets-sigv4,,,0.0,2.0,0.0,0.0,AWS,100.0,0.0,,
aws-samples/aws-iot-core-lorawan,12.909090909090908,12.909090909090908,11.0,1.0,11.0,0.0,AWS,8.333333333333332,91.66666666666666,100.0,0.0
aws-samples/aws-iot-core-workshop,33.0,33.0,1.0,0.0,1.0,0.0,AWS,0.0,100.0,100.0,0.0
aws-samples/aws-iot-device-defender-workshop,18.0,18.0,1.0,0.0,1.0,0.0,AWS,0.0,100.0,100.0,0.0
aws-samples/aws-iot-device-management-with-fleet-hub-demo,0.0,0.0,2.0,0.0,2.0,0.0,AWS,0.0,100.0,100.0,0.0
aws-samples/aws-iot-device-sdk-embedded-c-http-proxy-support,4.0,4.0,1.0,0.0,1.0,0.0,AWS,0.0,100.0,100.0,0.0
aws-samples/aws-iot-edukit-examples,0.5,0.5,2.0,0.0,2.0,0.0,AWS,0.0,100.0,100.0,0.0
aws-samples/aws-iot-edukit-tutorials,6.375,6.375,8.0,0.0,8.0,0.0,AWS,0.0,100.0,100.0,0.0
aws-samples/aws-iot-examples,,,0.0,1.0,0.0,0.0,AWS,100.0,0.0,,
aws-samples/aws-iot-fleet-provisioning,18.833333333333332,18.833333333333332,6.0,0.0,6.0,0.0,AWS,0.0,100.0,100.0,0.0
aws-samples/aws-iot-greengrass-opcua-adapter,0.0,0.0,1.0,0.0,1.0,0.0,AWS,0.0,100.0,100.0,0.0
aws-samples/aws-iot-greengrass-v2-using-aws-cdk,0.0,0.0,1.0,0.0,1.0,0.0,AWS,0.0,100.0,100.0,0.0
aws-samples/aws-iot-jitp-sample-scripts,,,0.0,1.0,0.0,0.0,AWS,100.0,0.0,,
aws-samples/aws-iot-kickstart,49.0,0.0,2.0,0.0,1.0,1.0,AWS,0.0,100.0,50.0,50.0
aws-samples/aws-iot-office-sensor,27.0,27.0,1.0,0.0,1.0,0.0,AWS,0.0,100.0,100.0,0.0
aws-samples/aws-iot-rpi-fleet-provisioning,,,0.0,1.0,0.0,0.0,AWS,100.0,0.0,,
aws-samples/aws-iot-securetunneling-localproxy,63.5,63.5,2.0,0.0,2.0,0.0,AWS,0.0,100.0,100.0,0.0
aws-samples/aws-iot-twinmaker-samples,0.0,0.0,3.0,0.0,3.0,0.0,AWS,0.0,100.0,100.0,0.0
aws-samples/aws-iot-workshop,160.0,160.0,2.0,0.0,2.0,0.0,AWS,0.0,100.0,100.0,0.0
aws-samples/aws-iot-workshop-iberia,0.0,0.0,1.0,0.0,1.0,0.0,AWS,0.0,100.0,100.0,0.0
aws-samples/aws-jp-iot-samples,17.0,17.0,1.0,0.0,1.0,0.0,AWS,0.0,100.0,100.0,0.0
aws-samples/aws-keyspaces-lambda-python,12.0,12.0,1.0,0.0,1.0,0.0,AWS,0.0,100.0,100.0,0.0
aws-samples/aws-kms-workshop,,,0.0,1.0,0.0,0.0,AWS,100.0,0.0,,
aws-samples/aws-lakeformation-access-controls-automation,0.0,0.0,1.0,0.0,1.0,0.0,AWS,0.0,100.0,100.0,0.0
aws-samples/aws-lambda-deploy,,,0.0,2.0,0.0,0.0,AWS,100.0,0.0,,
aws-samples/aws-lambda-docker-serverless-inference,0.3333333333333333,0.3333333333333333,3.0,0.0,3.0,0.0,AWS,0.0,100.0,100.0,0.0
aws-samples/aws-lambda-edge-rugby-blog-example,,,0.0,1.0,0.0,0.0,AWS,100.0,0.0,,
aws-samples/aws-lambda-edge-workshops,104.0,0.0,2.0,0.0,1.0,1.0,AWS,0.0,100.0,50.0,50.0
aws-samples/aws-lambda-efs-samples,0.0,,2.0,0.0,0.0,2.0,AWS,0.0,100.0,0.0,100.0
aws-samples/aws-lambda-extensions,16.142857142857142,7.538461538461538,14.0,1.0,13.0,1.0,AWS,6.666666666666667,93.33333333333333,92.85714285714286,7.142857142857142
aws-samples/aws-lambda-fanout,0.0,0.0,1.0,1.0,1.0,0.0,AWS,50.0,50.0,100.0,0.0
aws-samples/aws-lambda-hexagonal-architecture,,,0.0,1.0,0.0,0.0,AWS,100.0,0.0,,
aws-samples/aws-lambda-layer-awscli,26.166666666666668,11.666666666666666,6.0,0.0,3.0,3.0,AWS,0.0,100.0,50.0,50.0
aws-samples/aws-lambda-layer-builder,0.0,0.0,2.0,0.0,2.0,0.0,AWS,0.0,100.0,100.0,0.0
aws-samples/aws-lambda-layer-kubectl,1.5,1.5,2.0,0.0,2.0,0.0,AWS,0.0,100.0,100.0,0.0
aws-samples/aws-lambda-layers-aws-sam-examples,92.0,92.0,1.0,0.0,1.0,0.0,AWS,0.0,100.0,100.0,0.0
aws-samples/aws-lambda-lifecycle-hooks-function,,,0.0,1.0,0.0,0.0,AWS,100.0,0.0,,
aws-samples/aws-lambda-mirror-dns-function,,,0.0,1.0,0.0,0.0,AWS,100.0,0.0,,
aws-samples/aws-lambda-redirection-at-edge,,,0.0,1.0,0.0,0.0,AWS,100.0,0.0,,
aws-samples/aws-lambda-sample-applications,10.0,10.0,1.0,1.0,1.0,0.0,AWS,50.0,50.0,100.0,0.0
aws-samples/aws-lex-v2-cfn-cr,,,0.0,2.0,0.0,0.0,AWS,100.0,0.0,,
aws-samples/aws-lex-web-ui,63.5,44.0,14.0,9.0,10.0,4.0,AWS,39.130434782608695,60.86956521739131,71.42857142857143,28.57142857142857
aws-samples/aws-machine-learning-university-accelerated-cv,49.666666666666664,49.666666666666664,3.0,0.0,3.0,0.0,AWS,0.0,100.0,100.0,0.0
aws-samples/aws-machine-learning-university-accelerated-nlp,4.5,2.0,2.0,0.0,1.0,1.0,AWS,0.0,100.0,50.0,50.0
aws-samples/aws-machine-learning-university-accelerated-tab,4.0,,1.0,1.0,0.0,1.0,AWS,50.0,50.0,0.0,100.0
aws-samples/aws-management-and-governance-samples,0.0,0.0,1.0,1.0,1.0,0.0,AWS,50.0,50.0,100.0,0.0
aws-samples/aws-map-linkedaccounts,,,0.0,1.0,0.0,0.0,AWS,100.0,0.0,,
aws-samples/aws-marketplace-api-samples,2.0,2.0,1.0,0.0,1.0,0.0,AWS,0.0,100.0,100.0,0.0
aws-samples/aws-marketplace-machine-learning,,,0.0,1.0,0.0,0.0,AWS,100.0,0.0,,
aws-samples/aws-marketplace-serverless-saas-integration,20.933333333333334,20.933333333333334,15.0,0.0,15.0,0.0,AWS,0.0,100.0,100.0,0.0
aws-samples/aws-media-asset-preparation-system,,,0.0,1.0,0.0,0.0,AWS,100.0,0.0,,
aws-samples/aws-media-services-simple-vod-workflow,,,0.0,1.0,0.0,0.0,AWS,100.0,0.0,,
aws-samples/aws-media-services-tools,0.0,0.0,1.0,0.0,1.0,0.0,AWS,0.0,100.0,100.0,0.0
aws-samples/aws-media-services-vod-automation,119.0,119.0,1.0,1.0,1.0,0.0,AWS,50.0,50.0,100.0,0.0
aws-samples/aws-microservices-deploy-options,202.0,202.0,1.0,1.0,1.0,0.0,AWS,50.0,50.0,100.0,0.0
aws-samples/aws-mobile-appsync-events-starter-ios,,,0.0,1.0,0.0,0.0,AWS,100.0,0.0,,
aws-samples/aws-modern-application-workshop,240.0681818181818,252.04761904761904,44.0,2.0,21.0,23.0,AWS,4.3478260869565215,95.65217391304348,47.72727272727273,52.27272727272727
aws-samples/aws-modernization-for-s3-protection,0.25,0.25,8.0,0.0,8.0,0.0,AWS,0.0,100.0,100.0,0.0
aws-samples/aws-modernization-gitops-with-weaveworks,1.4,1.4,20.0,0.0,20.0,0.0,AWS,0.0,100.0,100.0,0.0
aws-samples/aws-modernization-hub,0.0,0.0,1.0,0.0,1.0,0.0,AWS,0.0,100.0,100.0,0.0
aws-samples/aws-modernization-with-appdynamics,0.0,0.0,6.0,0.0,6.0,0.0,AWS,0.0,100.0,100.0,0.0
aws-samples/aws-modernization-with-aqua,24.0,24.0,2.0,0.0,2.0,0.0,AWS,0.0,100.0,100.0,0.0
aws-samples/aws-modernization-with-armory,0.07692307692307693,0.07692307692307693,13.0,0.0,13.0,0.0,AWS,0.0,100.0,100.0,0.0
aws-samples/aws-modernization-with-bridgecrew,2.0,2.0,9.0,0.0,9.0,0.0,AWS,0.0,100.0,100.0,0.0
aws-samples/aws-modernization-with-circleci,0.5135135135135135,0.5,37.0,0.0,36.0,1.0,AWS,0.0,100.0,97.2972972972973,2.7027027027027026
aws-samples/aws-modernization-with-cloudbees,0.5714285714285714,0.5714285714285714,7.0,0.0,7.0,0.0,AWS,0.0,100.0,100.0,0.0
aws-samples/aws-modernization-with-cloudbees-fm,11.0,11.0,2.0,0.0,2.0,0.0,AWS,0.0,100.0,100.0,0.0
aws-samples/aws-modernization-with-codefresh,5.0,5.0,1.0,0.0,1.0,0.0,AWS,0.0,100.0,100.0,0.0
aws-samples/aws-modernization-with-cognizant,0.0,0.0,2.0,0.0,2.0,0.0,AWS,0.0,100.0,100.0,0.0
aws-samples/aws-modernization-with-corestack,0.0,0.0,2.0,0.0,2.0,0.0,AWS,0.0,100.0,100.0,0.0
aws-samples/aws-modernization-with-cprime,0.0,0.0,3.0,0.0,3.0,0.0,AWS,0.0,100.0,100.0,0.0
aws-samples/aws-modernization-with-datadog,0.0,0.0,3.0,0.0,3.0,0.0,AWS,0.0,100.0,100.0,0.0
aws-samples/aws-modernization-with-dynatrace,2.533333333333333,2.533333333333333,15.0,0.0,15.0,0.0,AWS,0.0,100.0,100.0,0.0
aws-samples/aws-modernization-with-epsagon,1.0,1.0,6.0,0.0,6.0,0.0,AWS,0.0,100.0,100.0,0.0
aws-samples/aws-modernization-with-gitlab-hashicorp-gremlin,1.0,0.7692307692307693,15.0,1.0,13.0,2.0,AWS,6.25,93.75,86.66666666666667,13.333333333333334
aws-samples/aws-modernization-with-gremlin,1.2777777777777777,1.2777777777777777,18.0,0.0,18.0,0.0,AWS,0.0,100.0,100.0,0.0
aws-samples/aws-modernization-with-harness,0.0,0.0,7.0,1.0,6.0,1.0,AWS,12.5,87.5,85.71428571428571,14.285714285714285
aws-samples/aws-modernization-with-hashicorp-terraform,2.5,2.5,2.0,0.0,2.0,0.0,AWS,0.0,100.0,100.0,0.0
aws-samples/aws-modernization-with-jfrog,0.0,0.0,7.0,0.0,7.0,0.0,AWS,0.0,100.0,100.0,0.0
aws-samples/aws-modernization-with-kong,1.0,1.0,1.0,1.0,1.0,0.0,AWS,50.0,50.0,100.0,0.0
aws-samples/aws-modernization-with-launchdarkly,0.0,0.0,1.0,0.0,1.0,0.0,AWS,0.0,100.0,100.0,0.0
aws-samples/aws-modernization-with-lumigo,2.6666666666666665,2.6666666666666665,3.0,0.0,3.0,0.0,AWS,0.0,100.0,100.0,0.0
aws-samples/aws-modernization-with-newrelic-serverless,0.14285714285714285,0.14285714285714285,7.0,0.0,7.0,0.0,AWS,0.0,100.0,100.0,0.0
aws-samples/aws-modernization-with-pulumi,0.17647058823529413,0.17647058823529413,17.0,0.0,17.0,0.0,AWS,0.0,100.0,100.0,0.0
aws-samples/aws-modernization-with-puppet,0.25,0.25,4.0,0.0,4.0,0.0,AWS,0.0,100.0,100.0,0.0
aws-samples/aws-modernization-with-quali,3.0,3.0,11.0,0.0,11.0,0.0,AWS,0.0,100.0,100.0,0.0
aws-samples/aws-modernization-with-redislabs,0.0,0.0,1.0,0.0,1.0,0.0,AWS,0.0,100.0,100.0,0.0
aws-samples/aws-modernization-with-snyk-security,7.4,7.4,5.0,0.0,5.0,0.0,AWS,0.0,100.0,100.0,0.0
aws-samples/aws-modernization-with-stackery,0.0,0.0,2.0,0.0,2.0,0.0,AWS,0.0,100.0,100.0,0.0
aws-samples/aws-modernization-with-sumologic,0.0,0.0,3.0,0.0,3.0,0.0,AWS,0.0,100.0,100.0,0.0
aws-samples/aws-modernization-with-superwerker,,,0.0,1.0,0.0,0.0,AWS,100.0,0.0,,
aws-samples/aws-modernization-with-sysdig,0.18181818181818182,0.0,11.0,0.0,10.0,1.0,AWS,0.0,100.0,90.9090909090909,9.090909090909092
aws-samples/aws-modernization-with-tigera,0.0,0.0,9.0,0.0,9.0,0.0,AWS,0.0,100.0,100.0,0.0
aws-samples/aws-modernization-with-trend-micro,0.3333333333333333,0.3333333333333333,6.0,0.0,6.0,0.0,AWS,0.0,100.0,100.0,0.0
aws-samples/aws-modernization-with-trend-micro-cloud-one-open-source-security,0.0,0.0,1.0,0.0,1.0,0.0,AWS,0.0,100.0,100.0,0.0
aws-samples/aws-modernization-with-tricentis,0.0,0.0,3.0,0.0,3.0,0.0,AWS,0.0,100.0,100.0,0.0
aws-samples/aws-modernization-workshop-base,0.0,0.0,1.0,0.0,1.0,0.0,AWS,0.0,100.0,100.0,0.0
aws-samples/aws-modernization-workshop-for-newrelic,0.6666666666666666,0.6666666666666666,12.0,0.0,12.0,0.0,AWS,0.0,100.0,100.0,0.0
aws-samples/aws-modernization-workshop-with-cloudone-application-security,1.0,1.0,3.0,0.0,3.0,0.0,AWS,0.0,100.0,100.0,0.0
aws-samples/aws-modernization-workshop-with-gitlab,0.0,0.0,2.0,0.0,2.0,0.0,AWS,0.0,100.0,100.0,0.0
aws-samples/aws-neptune-asset-management,,,0.0,1.0,0.0,0.0,AWS,100.0,0.0,,
aws-samples/aws-neptune-sagemaker-knowledge-graph-bert,0.0,0.0,1.0,0.0,1.0,0.0,AWS,0.0,100.0,100.0,0.0
aws-samples/aws-net-guides,1.4,1.4,5.0,1.0,5.0,0.0,AWS,16.666666666666664,83.33333333333334,100.0,0.0
aws-samples/aws-netcoreapi-aurora-cdk,582.0,582.0,1.0,0.0,1.0,0.0,AWS,0.0,100.0,100.0,0.0
aws-samples/aws-nitro-enclaves-workshop,0.0,0.0,1.0,0.0,1.0,0.0,AWS,0.0,100.0,100.0,0.0
aws-samples/aws-nodejs-sample,,,0.0,2.0,0.0,0.0,AWS,100.0,0.0,,
aws-samples/aws-organized,27.0,27.0,1.0,0.0,1.0,0.0,AWS,0.0,100.0,100.0,0.0
aws-samples/aws-panorama-samples,7.142857142857143,7.142857142857143,7.0,0.0,7.0,0.0,AWS,0.0,100.0,100.0,0.0
aws-samples/aws-parallelcluster-monitoring,0.0,0.0,1.0,1.0,1.0,0.0,AWS,50.0,50.0,100.0,0.0
aws-samples/aws-permissions-boundaries-builder-session,,,0.0,1.0,0.0,0.0,AWS,100.0,0.0,,
aws-samples/aws-photosharing-example,291.0,291.0,1.0,0.0,1.0,0.0,AWS,0.0,100.0,100.0,0.0
aws-samples/aws-pipeline-server-side-swift-blog,9.0,9.0,1.0,0.0,1.0,0.0,AWS,0.0,100.0,100.0,0.0
aws-samples/aws-pipeline-to-service-catalog,,,0.0,1.0,0.0,0.0,AWS,100.0,0.0,,
aws-samples/aws-plugin-for-slurm,12.666666666666666,3.0,3.0,0.0,2.0,1.0,AWS,0.0,100.0,66.66666666666666,33.33333333333333
aws-samples/aws-proton-sample-fargate-service,,,0.0,1.0,0.0,0.0,AWS,100.0,0.0,,
aws-samples/aws-proton-sample-templates,16.0,16.0,12.0,0.0,12.0,0.0,AWS,0.0,100.0,100.0,0.0
aws-samples/aws-proton-terraform-github-actions-sample,0.0,0.0,1.0,0.0,1.0,0.0,AWS,0.0,100.0,100.0,0.0
aws-samples/aws-python-sample,,,0.0,6.0,0.0,0.0,AWS,100.0,0.0,,
aws-samples/aws-quarkus-demo,1.8181818181818181,1.6,11.0,1.0,10.0,1.0,AWS,8.333333333333332,91.66666666666666,90.9090909090909,9.090909090909092
aws-samples/aws-rapid-prototyping-with-python,0.0,0.0,2.0,0.0,2.0,0.0,AWS,0.0,100.0,100.0,0.0
aws-samples/aws-refarch-moodle,,,0.0,1.0,0.0,0.0,AWS,100.0,0.0,,
aws-samples/aws-refarch-shibboleth,38.833333333333336,38.833333333333336,6.0,0.0,6.0,0.0,AWS,0.0,100.0,100.0,0.0
aws-samples/aws-refarch-wordpress,0.0,0.0,1.0,4.0,1.0,0.0,AWS,80.0,20.0,100.0,0.0
aws-samples/aws-reinvent-trivia-game,14.5,14.5,2.0,0.0,2.0,0.0,AWS,0.0,100.0,100.0,0.0
aws-samples/aws-reinvent2020-arc210-well-architected-containers,,,0.0,1.0,0.0,0.0,AWS,100.0,0.0,,
aws-samples/aws-reinvent21-inf1-workshop,1.0,1.0,1.0,0.0,1.0,0.0,AWS,0.0,100.0,100.0,0.0
aws-samples/aws-rekognition-workshop-twitter-bot,,,0.0,2.0,0.0,0.0,AWS,100.0,0.0,,
aws-samples/aws-robomaker-jetbot-ros,6.0,6.0,2.0,1.0,2.0,0.0,AWS,33.33333333333333,66.66666666666666,100.0,0.0
aws-samples/aws-s3-nosql-offloading-blog,0.0,0.0,1.0,0.0,1.0,0.0,AWS,0.0,100.0,100.0,0.0
aws-samples/aws-saas-factory-bootcamp,122.75,10.333333333333334,8.0,0.0,3.0,5.0,AWS,0.0,100.0,37.5,62.5
aws-samples/aws-saas-factory-dynamic-policy-generation,0.0,0.0,1.0,0.0,1.0,0.0,AWS,0.0,100.0,100.0,0.0
aws-samples/aws-saas-factory-eks-reference-architecture,5.0,,1.0,0.0,0.0,1.0,AWS,0.0,100.0,0.0,100.0
aws-samples/aws-saas-factory-postgresql-rls,169.0,,1.0,0.0,0.0,1.0,AWS,0.0,100.0,0.0,100.0
aws-samples/aws-saas-factory-ref-solution-serverless-saas,3.5,3.5,2.0,0.0,2.0,0.0,AWS,0.0,100.0,100.0,0.0
aws-samples/aws-saas-factory-serverless-workshop,224.33333333333334,63.0,6.0,1.0,3.0,3.0,AWS,14.285714285714285,85.71428571428571,50.0,50.0
aws-samples/aws-safe-lambda-deployments,,,0.0,2.0,0.0,0.0,AWS,100.0,0.0,,
aws-samples/aws-sagemaker-build,,,0.0,1.0,0.0,0.0,AWS,100.0,0.0,,
aws-samples/aws-sagemaker-ground-truth-recipe,,,0.0,1.0,0.0,0.0,AWS,100.0,0.0,,
aws-samples/aws-sagemaker-pytorch-shop-by-style,,,0.0,1.0,0.0,0.0,AWS,100.0,0.0,,
aws-samples/aws-sam-github-actions-example,0.0,0.0,1.0,0.0,1.0,0.0,AWS,0.0,100.0,100.0,0.0
aws-samples/aws-sam-java-rest,,,0.0,2.0,0.0,0.0,AWS,100.0,0.0,,
aws-samples/aws-sam-support-aws-cdk,,,0.0,1.0,0.0,0.0,AWS,100.0,0.0,,
aws-samples/aws-sar-lambda-publish-amazonmq,,,0.0,1.0,0.0,0.0,AWS,100.0,0.0,,
aws-samples/aws-scalable-big-blue-button-example,8.2,10.25,5.0,0.0,4.0,1.0,AWS,0.0,100.0,80.0,20.0
aws-samples/aws-scaling-threat-detection-workshop,140.5,140.5,2.0,0.0,2.0,0.0,AWS,0.0,100.0,100.0,0.0
aws-samples/aws-sdk-js-v3-workshop,0.0,0.0,2.0,0.0,2.0,0.0,AWS,0.0,100.0,100.0,0.0
aws-samples/aws-sdk-unity-samples,28.0,28.0,1.0,0.0,1.0,0.0,AWS,0.0,100.0,100.0,0.0
aws-samples/aws-secret-sidecar-injector,10.88888888888889,10.88888888888889,9.0,2.0,9.0,0.0,AWS,18.181818181818183,81.81818181818183,100.0,0.0
aws-samples/aws-secrets-manager-rotation-lambdas,61.0,61.0,2.0,7.0,2.0,0.0,AWS,77.77777777777779,22.22222222222222,100.0,0.0
aws-samples/aws-secure-access-infrastructure-identity-workshop,49.0,49.0,2.0,1.0,2.0,0.0,AWS,33.33333333333333,66.66666666666666,100.0,0.0
aws-samples/aws-secure-environment-accelerator,4.392857142857143,4.583333333333333,28.0,11.0,24.0,4.0,AWS,28.205128205128204,71.7948717948718,85.71428571428571,14.285714285714285
aws-samples/aws-security-hub-findings-account-data-enrichment,0.0,0.0,1.0,0.0,1.0,0.0,AWS,0.0,100.0,100.0,0.0
aws-samples/aws-security-hub-response-and-remediation,,,0.0,3.0,0.0,0.0,AWS,100.0,0.0,,
aws-samples/aws-security-hub-summary-email,,,0.0,1.0,0.0,0.0,AWS,100.0,0.0,,
aws-samples/aws-security-hub-workshop,158.8,6.5,5.0,0.0,2.0,3.0,AWS,0.0,100.0,40.0,60.0
aws-samples/aws-security-reference-architecture-examples,2.0,0.0,15.0,0.0,13.0,2.0,AWS,0.0,100.0,86.66666666666667,13.333333333333334
aws-samples/aws-security-services-with-terraform,,,0.0,2.0,0.0,0.0,AWS,100.0,0.0,,
aws-samples/aws-security-workshops,11.0,11.0,1.0,1.0,1.0,0.0,AWS,50.0,50.0,100.0,0.0
aws-samples/aws-securityhub-config-integration,76.33333333333333,76.33333333333333,3.0,0.0,3.0,0.0,AWS,0.0,100.0,100.0,0.0
aws-samples/aws-securityhub-remediations,20.0,20.0,2.0,0.0,2.0,0.0,AWS,0.0,100.0,100.0,0.0
aws-samples/aws-securityhub-score-generator,0.0,0.0,1.0,0.0,1.0,0.0,AWS,0.0,100.0,100.0,0.0
aws-samples/aws-securityhub-to-slack,1.0,1.0,1.0,4.0,1.0,0.0,AWS,80.0,20.0,100.0,0.0
aws-samples/aws-serverless-airline-booking,4.75,2.857142857142857,8.0,1.0,7.0,1.0,AWS,11.11111111111111,88.88888888888889,87.5,12.5
aws-samples/aws-serverless-app-with-aurora-and-python-sql-alchemy-example,2.0,2.0,1.0,0.0,1.0,0.0,AWS,0.0,100.0,100.0,0.0
aws-samples/aws-serverless-application-catalog-workshop,2.5,2.5,2.0,0.0,2.0,0.0,AWS,0.0,100.0,100.0,0.0
aws-samples/aws-serverless-auth-workshop,51.0,51.0,1.0,0.0,1.0,0.0,AWS,0.0,100.0,100.0,0.0
aws-samples/aws-serverless-books-api-sample,103.0,201.0,2.0,0.0,1.0,1.0,AWS,0.0,100.0,50.0,50.0
aws-samples/aws-serverless-chatbot-sample,,,0.0,1.0,0.0,0.0,AWS,100.0,0.0,,
aws-samples/aws-serverless-cicd-workshop,14.91304347826087,8.714285714285714,23.0,1.0,21.0,2.0,AWS,4.166666666666666,95.83333333333334,91.30434782608695,8.695652173913043
aws-samples/aws-serverless-ecommerce-platform,1.9,1.8888888888888888,10.0,0.0,9.0,1.0,AWS,0.0,100.0,90.0,10.0
aws-samples/aws-serverless-nextcloud,0.0,0.0,1.0,0.0,1.0,0.0,AWS,0.0,100.0,100.0,0.0
aws-samples/aws-serverless-saas-layers,22.5,,2.0,2.0,0.0,2.0,AWS,50.0,50.0,0.0,100.0
aws-samples/aws-serverless-saas-workshop,,,0.0,1.0,0.0,0.0,AWS,100.0,0.0,,
aws-samples/aws-serverless-samfarm,,,0.0,1.0,0.0,0.0,AWS,100.0,0.0,,
aws-samples/aws-serverless-security-workshop,32.0,32.0,6.0,3.0,6.0,0.0,AWS,33.33333333333333,66.66666666666666,100.0,0.0
aws-samples/aws-serverless-security-workshop-jp,,,0.0,1.0,0.0,0.0,AWS,100.0,0.0,,
aws-samples/aws-serverless-shopping-cart,1.5,0.0,2.0,0.0,1.0,1.0,AWS,0.0,100.0,50.0,50.0
aws-samples/aws-serverless-using-aws-cdk,0.0,0.0,1.0,0.0,1.0,0.0,AWS,0.0,100.0,100.0,0.0
aws-samples/aws-serverless-webapp-workshop,71.83333333333333,41.666666666666664,6.0,2.0,3.0,3.0,AWS,25.0,75.0,50.0,50.0
aws-samples/aws-serverless-with-appdynamics,0.0,0.0,4.0,0.0,4.0,0.0,AWS,0.0,100.0,100.0,0.0
aws-samples/aws-serverless-workshop-greater-china-region,8.5,8.23076923076923,14.0,1.0,13.0,1.0,AWS,6.666666666666667,93.33333333333333,92.85714285714286,7.142857142857142
aws-samples/aws-serverless-workshop-innovator-island,1.0,1.1578947368421053,22.0,0.0,19.0,3.0,AWS,0.0,100.0,86.36363636363636,13.636363636363635
aws-samples/aws-serverless-workshops,12.466666666666667,3.75,15.0,7.0,12.0,3.0,AWS,31.818181818181817,68.18181818181817,80.0,20.0
aws-samples/aws-serverless-workshops-kr,58.333333333333336,58.333333333333336,3.0,2.0,3.0,0.0,AWS,40.0,60.0,100.0,0.0
aws-samples/aws-service-catalog-reference-architectures,35.25,21.6,8.0,1.0,5.0,3.0,AWS,11.11111111111111,88.88888888888889,62.5,37.5
aws-samples/aws-service-catalog-terraform-reference-architecture,315.6666666666667,,3.0,0.0,0.0,3.0,AWS,0.0,100.0,0.0,100.0
aws-samples/aws-service-catalog-tools-workshop,13.125,13.125,8.0,0.0,8.0,0.0,AWS,0.0,100.0,100.0,0.0
aws-samples/aws-sigv4-auth-cassandra-java-driver-examples,,,0.0,1.0,0.0,0.0,AWS,100.0,0.0,,
aws-samples/aws-smart-ad-breaks,,,0.0,1.0,0.0,0.0,AWS,100.0,0.0,,
aws-samples/aws-sns-samples,,,0.0,1.0,0.0,0.0,AWS,100.0,0.0,,
aws-samples/aws-soc-dashboard,0.0,0.0,2.0,0.0,2.0,0.0,AWS,0.0,100.0,100.0,0.0
aws-samples/aws-sso-sync-script,0.0,0.0,1.0,0.0,1.0,0.0,AWS,0.0,100.0,100.0,0.0
aws-samples/aws-step-functions-callback-example,,,0.0,1.0,0.0,0.0,AWS,100.0,0.0,,
aws-samples/aws-step-functions-ebs-snapshot-mgmt,,,0.0,2.0,0.0,0.0,AWS,100.0,0.0,,
aws-samples/aws-step-functions-etl-pipeline-pattern,0.0,,1.0,0.0,0.0,1.0,AWS,0.0,100.0,0.0,100.0
aws-samples/aws-step-functions-saga-pattern-with-sam,7.0,7.0,2.0,0.0,2.0,0.0,AWS,0.0,100.0,100.0,0.0
aws-samples/aws-step-functions-twitch-series,37.0,37.0,1.0,0.0,1.0,0.0,AWS,0.0,100.0,100.0,0.0
aws-samples/aws-step-functions-using-it-automation,,,0.0,1.0,0.0,0.0,AWS,100.0,0.0,,
aws-samples/aws-stepfunctions-byoc-mlops-using-data-science-sdk,0.0,0.0,1.0,0.0,1.0,0.0,AWS,0.0,100.0,100.0,0.0
aws-samples/aws-stepfunctions-examples,1.6666666666666667,1.6666666666666667,3.0,1.0,3.0,0.0,AWS,25.0,75.0,100.0,0.0
aws-samples/aws-system-manager-automation-unencrypted-to-encrypted-resources,0.6666666666666666,0.6666666666666666,3.0,0.0,3.0,0.0,AWS,0.0,100.0,100.0,0.0
aws-samples/aws-systems-manager-cloudformation-samples,10.0,10.0,4.0,0.0,4.0,0.0,AWS,0.0,100.0,100.0,0.0
aws-samples/aws-systemsmanager-patchcompliance-to-securityhub,,,0.0,1.0,0.0,0.0,AWS,100.0,0.0,,
aws-samples/aws-systemsmanagerautomation-with-asglifecyclehooks,,,0.0,1.0,0.0,0.0,AWS,100.0,0.0,,
aws-samples/aws-terraform-cross-account-kinesis-example,0.0,0.0,1.0,0.0,1.0,0.0,AWS,0.0,100.0,100.0,0.0
aws-samples/aws-textract-comprehend-lex-chatbot,6.0,6.0,1.0,0.0,1.0,0.0,AWS,0.0,100.0,100.0,0.0
aws-samples/aws-transcribe-captioning-tools,0.0,0.0,1.0,0.0,1.0,0.0,AWS,0.0,100.0,100.0,0.0
aws-samples/aws-transit-gateway-connect-sample,0.0,,1.0,0.0,0.0,1.0,AWS,0.0,100.0,0.0,100.0
aws-samples/aws-transit-gateway-egress-vpc-pattern,0.0,0.0,1.0,0.0,1.0,0.0,AWS,0.0,100.0,100.0,0.0
aws-samples/aws-vpc-traffic-mirroring-source-automation,154.0,154.0,1.0,1.0,1.0,0.0,AWS,50.0,50.0,100.0,0.0
aws-samples/aws-waf-dashboard,61.0,17.0,2.0,0.0,1.0,1.0,AWS,0.0,100.0,50.0,50.0
aws-samples/aws-workshop-for-kubernetes,,,0.0,1.0,0.0,0.0,AWS,100.0,0.0,,
aws-samples/aws-xray-kubernetes,0.0,0.0,1.0,0.0,1.0,0.0,AWS,0.0,100.0,100.0,0.0
aws-samples/aws-xray-kubernetes-serverless,,,0.0,1.0,0.0,0.0,AWS,100.0,0.0,,
aws-samples/aws-xray-sdk-node-sample,,,0.0,1.0,0.0,0.0,AWS,100.0,0.0,,
aws-samples/aws2tf,3.6666666666666665,3.5,3.0,0.0,2.0,1.0,AWS,0.0,100.0,66.66666666666666,33.33333333333333
aws-samples/awsome-hpc,0.0,0.0,1.0,0.0,1.0,0.0,AWS,0.0,100.0,100.0,0.0
aws-samples/bank-transfer-blockchain-reinvent2019-workshop,,,0.0,1.0,0.0,0.0,AWS,100.0,0.0,,
aws-samples/baseline-environment-on-aws,32.0,32.0,1.0,1.0,1.0,0.0,AWS,50.0,50.0,100.0,0.0
aws-samples/bring-your-own-data-labs,4.2,4.2,5.0,1.0,5.0,0.0,AWS,16.666666666666664,83.33333333333334,100.0,0.0
aws-samples/build-dynamodb-integration-with-kinesis,,,0.0,1.0,0.0,0.0,AWS,100.0,0.0,,
aws-samples/building-bots-on-aws,,,0.0,1.0,0.0,0.0,AWS,100.0,0.0,,
aws-samples/busy-engineers-encryption-sdk,0.0,0.0,14.0,0.0,14.0,0.0,AWS,0.0,100.0,100.0,0.0
aws-samples/cdk-assume-role-credential-plugin,19.142857142857142,5.2,7.0,0.0,5.0,2.0,AWS,0.0,100.0,71.42857142857143,28.57142857142857
aws-samples/cdk-build-bundle-deploy-example,,,0.0,1.0,0.0,0.0,AWS,100.0,0.0,,
aws-samples/cdk-cognito-idp,11.0,11.0,1.0,0.0,1.0,0.0,AWS,0.0,100.0,100.0,0.0
aws-samples/cdk-deployment-of-locust,50.0,50.0,1.0,1.0,1.0,0.0,AWS,50.0,50.0,100.0,0.0
aws-samples/cdk-eks-fargate,3.5,0.0,2.0,0.0,1.0,1.0,AWS,0.0,100.0,50.0,50.0
aws-samples/cdk-fargate-gitlab-runner,0.0,0.0,1.0,0.0,1.0,0.0,AWS,0.0,100.0,100.0,0.0
aws-samples/cdk-keycloak,2.3333333333333335,1.0,3.0,1.0,2.0,1.0,AWS,25.0,75.0,66.66666666666666,33.33333333333333
aws-samples/cdk-pipelines-demo,3.0,,2.0,3.0,0.0,2.0,AWS,60.0,40.0,0.0,100.0
aws-samples/cdk-serverless-lamp,0.5,0.0,6.0,0.0,1.0,5.0,AWS,0.0,100.0,16.666666666666664,83.33333333333334
aws-samples/cfn101-workshop,3.4166666666666665,1.8333333333333333,12.0,1.0,6.0,6.0,AWS,7.6923076923076925,92.3076923076923,50.0,50.0
aws-samples/chalice-workshop,27.0,27.0,1.0,0.0,1.0,0.0,AWS,0.0,100.0,100.0,0.0
aws-samples/chime-sipmediaapplication-samples,12.5,12.5,2.0,0.0,2.0,0.0,AWS,0.0,100.0,100.0,0.0
aws-samples/chime-voiceconnector-agent-assist,4.2,4.75,5.0,1.0,4.0,1.0,AWS,16.666666666666664,83.33333333333334,80.0,20.0
aws-samples/churn-prediction-with-text-and-interpretability,0.0,0.0,1.0,0.0,1.0,0.0,AWS,0.0,100.0,100.0,0.0
aws-samples/ci-4-terraform-aws-developer-tools-terratest,,,0.0,2.0,0.0,0.0,AWS,100.0,0.0,,
aws-samples/cicd-for-networking-resources,0.0,,1.0,0.0,0.0,1.0,AWS,0.0,100.0,0.0,100.0
aws-samples/clickstream-consumer-for-apache-kafka,33.0,33.0,1.0,0.0,1.0,0.0,AWS,0.0,100.0,100.0,0.0
aws-samples/clickstream-producer-for-apache-kafka,33.0,33.0,1.0,0.0,1.0,0.0,AWS,0.0,100.0,100.0,0.0
aws-samples/cloud9-to-power-vscode-blog,1.0,1.0,1.0,0.0,1.0,0.0,AWS,0.0,100.0,100.0,0.0
aws-samples/cloudformation-studio-domain,2.0,2.0,1.0,0.0,1.0,0.0,AWS,0.0,100.0,100.0,0.0
aws-samples/cloudfront-authorization-at-edge,63.69230769230769,11.909090909090908,13.0,0.0,11.0,2.0,AWS,0.0,100.0,84.61538461538461,15.384615384615385
aws-samples/cloudfront-secure-media,,,0.0,1.0,0.0,0.0,AWS,100.0,0.0,,
aws-samples/cloudwatch-dashboards-cloudformation-sample,,,0.0,1.0,0.0,0.0,AWS,100.0,0.0,,
aws-samples/cloudwatch-logs-insights-queries,13.0,13.0,1.0,0.0,1.0,0.0,AWS,0.0,100.0,100.0,0.0
aws-samples/clustered-storage-gfs2,,,0.0,1.0,0.0,0.0,AWS,100.0,0.0,,
aws-samples/codecommit-crawler-innersource,,,0.0,3.0,0.0,0.0,AWS,100.0,0.0,,
aws-samples/codepipeline-ecr-build-sf-execution,,,0.0,3.0,0.0,0.0,AWS,100.0,0.0,,
aws-samples/codepipeline-lambda-docker-images,1.0,1.0,1.0,0.0,1.0,0.0,AWS,0.0,100.0,100.0,0.0
aws-samples/cognito-at-edge-federated-ui-sample,0.0,0.0,1.0,0.0,1.0,0.0,AWS,0.0,100.0,100.0,0.0
aws-samples/cognito-device-grant-flow,4.0,4.0,1.0,0.0,1.0,0.0,AWS,0.0,100.0,100.0,0.0
aws-samples/connected-drink-dispenser-workshop,53.0,53.0,1.0,0.0,1.0,0.0,AWS,0.0,100.0,100.0,0.0
aws-samples/connected-vehicle-lab,54.5,,2.0,1.0,0.0,2.0,AWS,33.33333333333333,66.66666666666666,0.0,100.0
aws-samples/contact-form-processing-with-synchronous-express-workflows,5.5,5.5,4.0,0.0,4.0,0.0,AWS,0.0,100.0,100.0,0.0
aws-samples/container-web-scraper-example,2.0,2.0,1.0,0.0,1.0,0.0,AWS,0.0,100.0,100.0,0.0
aws-samples/cookiecutter-aws-sam-dotnet,0.0,0.0,1.0,0.0,1.0,0.0,AWS,0.0,100.0,100.0,0.0
aws-samples/cookiecutter-aws-sam-python,33.333333333333336,33.333333333333336,3.0,0.0,3.0,0.0,AWS,0.0,100.0,100.0,0.0
aws-samples/copy-encrypted-ami,14.333333333333334,14.333333333333334,3.0,0.0,3.0,0.0,AWS,0.0,100.0,100.0,0.0
aws-samples/create-react-app-auth-amplify,116.25,,8.0,11.0,0.0,8.0,AWS,57.89473684210527,42.10526315789473,0.0,100.0
aws-samples/cross-account-amazon-dynamodb-replication,,,0.0,3.0,0.0,0.0,AWS,100.0,0.0,,
aws-samples/cross-account-ci-cd-pipeline-for-amazon-lex-bot,,,0.0,1.0,0.0,0.0,AWS,100.0,0.0,,
aws-samples/csv-to-dynamodb,,,0.0,2.0,0.0,0.0,AWS,100.0,0.0,,
aws-samples/cvat-on-aws-china,25.0,25.0,1.0,0.0,1.0,0.0,AWS,0.0,100.0,100.0,0.0
aws-samples/d-SNE,,,0.0,1.0,0.0,0.0,AWS,100.0,0.0,,
aws-samples/data-engineering-for-aws-immersion-day,0.0,0.0,1.0,0.0,1.0,0.0,AWS,0.0,100.0,100.0,0.0
aws-samples/data-lake-as-code,,,0.0,4.0,0.0,0.0,AWS,100.0,0.0,,
aws-samples/data-protection,,,0.0,2.0,0.0,0.0,AWS,100.0,0.0,,
aws-samples/data-transfer-hub-cli,0.0,0.0,1.0,1.0,1.0,0.0,AWS,50.0,50.0,100.0,0.0
aws-samples/deep-learning-models,0.0,0.0,1.0,0.0,1.0,0.0,AWS,0.0,100.0,100.0,0.0
aws-samples/delivery-driver-app-demo,0.0,0.0,1.0,0.0,1.0,0.0,AWS,0.0,100.0,100.0,0.0
aws-samples/deploy-cis-level-1-hardened-ami-with-ec2-image-builder-pipeline,,,0.0,1.0,0.0,0.0,AWS,100.0,0.0,,
aws-samples/deploying-unreal-engine-pixel-streaming-server-on-ec2,0.0,0.0,1.0,0.0,1.0,0.0,AWS,0.0,100.0,100.0,0.0
aws-samples/devsecops-cicd,,,0.0,1.0,0.0,0.0,AWS,100.0,0.0,,
aws-samples/digital-user-engagement-reference-architectures,0.0,0.0,2.0,0.0,2.0,0.0,AWS,0.0,100.0,100.0,0.0
aws-samples/disaster-recovery-workshop,7.25,0.0,4.0,0.0,3.0,1.0,AWS,0.0,100.0,75.0,25.0
aws-samples/docdb-rest,42.0,42.0,1.0,0.0,1.0,0.0,AWS,0.0,100.0,100.0,0.0
aws-samples/dotnet-modernization-music-store,7.5,7.5,4.0,0.0,4.0,0.0,AWS,0.0,100.0,100.0,0.0
aws-samples/dynamodb-history-storer,187.0,,1.0,0.0,0.0,1.0,AWS,0.0,100.0,0.0,100.0
aws-samples/dynamodb-local-testing,14.0,14.0,1.0,0.0,1.0,0.0,AWS,0.0,100.0,100.0,0.0
aws-samples/eb-node-express-sample,,,0.0,2.0,0.0,0.0,AWS,100.0,0.0,,
aws-samples/eb-php-drupal,,,0.0,2.0,0.0,0.0,AWS,100.0,0.0,,
aws-samples/ec2-auto-scaling-instance-refresh-sample,4.0,4.0,2.0,0.0,2.0,0.0,AWS,0.0,100.0,100.0,0.0
aws-samples/ec2-classic-resource-finder,,,0.0,8.0,0.0,0.0,AWS,100.0,0.0,,
aws-samples/ecs-demo-php-simple-app,0.0,0.0,1.0,6.0,1.0,0.0,AWS,85.71428571428571,14.285714285714285,100.0,0.0
aws-samples/ecsdemo-amp,3.0,3.0,1.0,0.0,1.0,0.0,AWS,0.0,100.0,100.0,0.0
aws-samples/eks-alb-istio-with-tls,0.0,,1.0,1.0,0.0,1.0,AWS,50.0,50.0,0.0,100.0
aws-samples/eks-efa-examples,0.0,0.0,1.0,0.0,1.0,0.0,AWS,0.0,100.0,100.0,0.0
aws-samples/eks-install-guide-for-multus,5.5,5.5,2.0,0.0,2.0,0.0,AWS,0.0,100.0,100.0,0.0
aws-samples/eks-kubeflow-workshop,1.0,1.0,2.0,1.0,2.0,0.0,AWS,33.33333333333333,66.66666666666666,100.0,0.0
aws-samples/eks-preventative-controls,0.0,0.0,1.0,0.0,1.0,0.0,AWS,0.0,100.0,100.0,0.0
aws-samples/eks-security-compromised-cluster-remediation,0.375,0.375,8.0,0.0,8.0,0.0,AWS,0.0,100.0,100.0,0.0
aws-samples/eks-workshop,10.761092150170649,7.732824427480916,293.0,52.0,262.0,31.0,AWS,15.072463768115943,84.92753623188406,89.419795221843,10.580204778156997
aws-samples/eks-workshop-greater-china,8.0625,8.785714285714286,16.0,2.0,14.0,2.0,AWS,11.11111111111111,88.88888888888889,87.5,12.5
aws-samples/elasticache-refarch-chatapp,,,0.0,1.0,0.0,0.0,AWS,100.0,0.0,,
aws-samples/emr-bootstrap-actions,,,0.0,1.0,0.0,0.0,AWS,100.0,0.0,,
aws-samples/emr-studio-notebook-examples,0.9333333333333333,0.9333333333333333,15.0,1.0,15.0,0.0,AWS,6.25,93.75,100.0,0.0
aws-samples/emr-studio-samples,106.0,,1.0,0.0,0.0,1.0,AWS,0.0,100.0,0.0,100.0
aws-samples/end-to-end-object-detection-detectron2-sagemaker,,,0.0,1.0,0.0,0.0,AWS,100.0,0.0,,
aws-samples/event-based-amazon-fraud-detector,,,0.0,1.0,0.0,0.0,AWS,100.0,0.0,,
aws-samples/example-step-functions-integration-api-gateway,5.333333333333333,5.333333333333333,3.0,0.0,3.0,0.0,AWS,0.0,100.0,100.0,0.0
aws-samples/explore-uniprotkb-with-amazon-neptune,1.5,1.5,2.0,0.0,2.0,0.0,AWS,0.0,100.0,100.0,0.0
aws-samples/extensions-for-aws-managed-shells,4.5,4.5,2.0,0.0,2.0,0.0,AWS,0.0,100.0,100.0,0.0
aws-samples/faropt,,,0.0,1.0,0.0,0.0,AWS,100.0,0.0,,
aws-samples/finetune-deploy-bert-with-amazon-sagemaker-for-hugging-face,0.5,0.5,2.0,0.0,2.0,0.0,AWS,0.0,100.0,100.0,0.0
aws-samples/game-production-in-the-cloud-example-pipeline,,,0.0,1.0,0.0,0.0,AWS,100.0,0.0,,
aws-samples/global-serverless-image-gallery,,,0.0,2.0,0.0,0.0,AWS,100.0,0.0,,
aws-samples/golden-ami-pipeline-with-qualys,,,0.0,1.0,0.0,0.0,AWS,100.0,0.0,,
aws-samples/golden-ami-pipeline-with-tenable-sample,,,0.0,1.0,0.0,0.0,AWS,100.0,0.0,,
aws-samples/graviton2-workshop,42.5,42.5,2.0,1.0,2.0,0.0,AWS,33.33333333333333,66.66666666666666,100.0,0.0
aws-samples/greengrass-v2-sagemaker-edge-manager-python,12.0,12.0,3.0,1.0,3.0,0.0,AWS,25.0,75.0,100.0,0.0
aws-samples/healthlake-samples,1.0,1.0,1.0,0.0,1.0,0.0,AWS,0.0,100.0,100.0,0.0
aws-samples/healthlake-workshop,0.5,0.5,4.0,0.0,4.0,0.0,AWS,0.0,100.0,100.0,0.0
aws-samples/hostname-as-target-for-elastic-load-balancer,,,0.0,1.0,0.0,0.0,AWS,100.0,0.0,,
aws-samples/how-to-monitor-tgw-route-limits-using-serverless-architecture,,,0.0,1.0,0.0,0.0,AWS,100.0,0.0,,
aws-samples/hpc-workshop-wrf,0.0,0.0,1.0,0.0,1.0,0.0,AWS,0.0,100.0,100.0,0.0
aws-samples/http-requests-mirroring,7.5,7.5,2.0,0.0,2.0,0.0,AWS,0.0,100.0,100.0,0.0
aws-samples/i-love-my-local-farmer,4.0,4.0,1.0,0.0,1.0,0.0,AWS,0.0,100.0,100.0,0.0
aws-samples/iam-password-policy-deployment-via-cloudformation-stacksets,,,0.0,1.0,0.0,0.0,AWS,100.0,0.0,,
aws-samples/iam-policy-tester-pipeline,0.0,0.0,1.0,0.0,1.0,0.0,AWS,0.0,100.0,100.0,0.0
aws-samples/incremental-training-mlops,,,0.0,1.0,0.0,0.0,AWS,100.0,0.0,,
aws-samples/integration-sample-lambda-msk,5.0,5.0,1.0,0.0,1.0,0.0,AWS,0.0,100.0,100.0,0.0
aws-samples/iot-provisioning-secretfree,35.0,35.0,1.0,0.0,1.0,0.0,AWS,0.0,100.0,100.0,0.0
aws-samples/iot-reference-architectures,6.333333333333333,3.0,3.0,1.0,2.0,1.0,AWS,25.0,75.0,66.66666666666666,33.33333333333333
aws-samples/iot-secure-tunneling-demo,11.0,11.0,2.0,0.0,2.0,0.0,AWS,0.0,100.0,100.0,0.0
aws-samples/jenkins-cloudformation-deployment-example,0.0,,3.0,0.0,0.0,3.0,AWS,0.0,100.0,0.0,100.0
aws-samples/jenkins-on-aws,57.0,57.0,1.0,1.0,1.0,0.0,AWS,50.0,50.0,100.0,0.0
aws-samples/jsii-native-python,0.0,0.0,1.0,0.0,1.0,0.0,AWS,0.0,100.0,100.0,0.0
aws-samples/kda-flink-app-autoscaling,,,0.0,1.0,0.0,0.0,AWS,100.0,0.0,,
aws-samples/kogpt2-sagemaker,0.0,0.0,1.0,0.0,1.0,0.0,AWS,0.0,100.0,100.0,0.0
aws-samples/kubernetes-log4j-cve-2021-44228-node-agent,2.0,0.0,3.0,0.0,2.0,1.0,AWS,0.0,100.0,66.66666666666666,33.33333333333333
aws-samples/lambda-java8-dynamodb,,,0.0,2.0,0.0,0.0,AWS,100.0,0.0,,
aws-samples/lambda-refarch-fileprocessing,0.5,0.5,2.0,1.0,2.0,0.0,AWS,33.33333333333333,66.66666666666666,100.0,0.0
aws-samples/lambda-refarch-imagerecognition,0.0,0.0,3.0,0.0,2.0,1.0,AWS,0.0,100.0,66.66666666666666,33.33333333333333
aws-samples/lambda-refarch-iotbackend,0.0,0.0,2.0,1.0,2.0,0.0,AWS,33.33333333333333,66.66666666666666,100.0,0.0
aws-samples/lambda-refarch-mobilebackend,,,0.0,2.0,0.0,0.0,AWS,100.0,0.0,,
aws-samples/lambda-refarch-streamprocessing,,,0.0,1.0,0.0,0.0,AWS,100.0,0.0,,
aws-samples/lambda-refarch-webapp,54.57142857142857,16.333333333333332,7.0,3.0,3.0,4.0,AWS,30.0,70.0,42.857142857142854,57.14285714285714
aws-samples/lambda-web-scraper-example,5.0,5.0,1.0,1.0,1.0,0.0,AWS,50.0,50.0,100.0,0.0
aws-samples/lambdaedge-openidconnect-samples,,,0.0,1.0,0.0,0.0,AWS,100.0,0.0,,
aws-samples/linux-container-primitives-presentation-notebooks,102.0,,1.0,0.0,0.0,1.0,AWS,0.0,100.0,0.0,100.0
aws-samples/liveness-detection,1.0,1.0,1.0,0.0,1.0,0.0,AWS,0.0,100.0,100.0,0.0
aws-samples/lookout-for-equipment-demo,0.0,0.0,1.0,0.0,1.0,0.0,AWS,0.0,100.0,100.0,0.0
aws-samples/lti-ready-virtual-classroom-with-amazon-chime-sdk,0.5,0.5,2.0,0.0,2.0,0.0,AWS,0.0,100.0,100.0,0.0
aws-samples/mac1-eks-jenkins,1.0,1.0,1.0,0.0,1.0,0.0,AWS,0.0,100.0,100.0,0.0
aws-samples/mainframe-cobol-cicd-pipeline-aws-microfocus,,,0.0,1.0,0.0,0.0,AWS,100.0,0.0,,
aws-samples/maximizing-storage-throughput-and-performance,10.0,,1.0,0.0,0.0,1.0,AWS,0.0,100.0,0.0,100.0
aws-samples/medical-transcription-analysis,4.0,4.0,1.0,0.0,1.0,0.0,AWS,0.0,100.0,100.0,0.0
aws-samples/megafrograce-gamelift-realtime-servers-sample,,,0.0,1.0,0.0,0.0,AWS,100.0,0.0,,
aws-samples/meta-aws-demos,1.1111111111111112,1.1111111111111112,9.0,0.0,9.0,0.0,AWS,0.0,100.0,100.0,0.0
aws-samples/micro-etl-pipeline,0.0,0.0,1.0,0.0,1.0,0.0,AWS,0.0,100.0,100.0,0.0
aws-samples/ml-edge-getting-started,4.0,4.0,1.0,0.0,1.0,0.0,AWS,0.0,100.0,100.0,0.0
aws-samples/mlops-amazon-sagemaker-devops-with-ml,7.0,7.0,1.0,0.0,1.0,0.0,AWS,0.0,100.0,100.0,0.0
aws-samples/mturk-code-samples,303.0,303.0,1.0,0.0,1.0,0.0,AWS,0.0,100.0,100.0,0.0
aws-samples/multi-branch-cdk-pipelines,,,0.0,1.0,0.0,0.0,AWS,100.0,0.0,,
aws-samples/multi-channel-customer-engagement,4.0,4.0,1.0,2.0,1.0,0.0,AWS,66.66666666666666,33.33333333333333,100.0,0.0
aws-samples/multi-robot-fleet-sample-application,163.0,70.0,2.0,0.0,1.0,1.0,AWS,0.0,100.0,50.0,50.0
aws-samples/multiarch-eks-springboot-deployment-pipeline-with-cdk,1.0,1.0,1.0,0.0,1.0,0.0,AWS,0.0,100.0,100.0,0.0
aws-samples/nexus-oss-on-aws,0.0,0.0,1.0,0.0,1.0,0.0,AWS,0.0,100.0,100.0,0.0
aws-samples/nlp-textract-comprehend-demo,0.0,0.0,1.0,0.0,1.0,0.0,AWS,0.0,100.0,100.0,0.0
aws-samples/non-profit-blockchain,44.25,44.25,8.0,3.0,8.0,0.0,AWS,27.27272727272727,72.72727272727273,100.0,0.0
aws-samples/one-observability-demo,4.421052631578948,2.4375,19.0,0.0,16.0,3.0,AWS,0.0,100.0,84.21052631578947,15.789473684210526
aws-samples/openshift-on-aws,0.0,0.0,2.0,0.0,1.0,1.0,AWS,0.0,100.0,50.0,50.0
aws-samples/opensource-4g-core-eks,0.0,0.0,1.0,0.0,1.0,0.0,AWS,0.0,100.0,100.0,0.0
aws-samples/opsworks-demo-php-simple-app,,,0.0,1.0,0.0,0.0,AWS,100.0,0.0,,
aws-samples/opsworks-windows-demo-nodejs,,,0.0,6.0,0.0,0.0,AWS,100.0,0.0,,
aws-samples/outbound-vpc-filtering-proxy,1.25,1.25,4.0,0.0,4.0,0.0,AWS,0.0,100.0,100.0,0.0
aws-samples/parallelize-ml-inference,,,0.0,1.0,0.0,0.0,AWS,100.0,0.0,,
aws-samples/php-examples-for-aws-lambda,1.5238095238095237,1.5238095238095237,21.0,0.0,21.0,0.0,AWS,0.0,100.0,100.0,0.0
aws-samples/pix-proxy-samples,,,0.0,1.0,0.0,0.0,AWS,100.0,0.0,,
aws-samples/prometheus-for-ecs,0.0,0.0,1.0,1.0,1.0,0.0,AWS,50.0,50.0,100.0,0.0
aws-samples/protecting-workloads-workshop,4.5,4.5,2.0,0.0,2.0,0.0,AWS,0.0,100.0,100.0,0.0
aws-samples/python-data-science-template,0.0,0.0,3.0,0.0,3.0,0.0,AWS,0.0,100.0,100.0,0.0
aws-samples/rds-snapshot-export-to-s3-pipeline,99.0,99.0,1.0,0.0,1.0,0.0,AWS,0.0,100.0,100.0,0.0
aws-samples/react-cors-spa,4.0,4.0,1.0,0.0,1.0,0.0,AWS,0.0,100.0,100.0,0.0
aws-samples/reactive-refarch-cloudformation,2.0,2.0,1.0,0.0,1.0,0.0,AWS,0.0,100.0,100.0,0.0
aws-samples/real-time-sentiment-flinksql-kdastudio,,,0.0,1.0,0.0,0.0,AWS,100.0,0.0,,
aws-samples/realtime-web-analytics-workshop,158.0,158.0,1.0,0.0,1.0,0.0,AWS,0.0,100.0,100.0,0.0
aws-samples/redshift-etl-automation-with-dbt,18.5,18.5,2.0,1.0,2.0,0.0,AWS,33.33333333333333,66.66666666666666,100.0,0.0
aws-samples/redshift-immersionday-labs,,,0.0,1.0,0.0,0.0,AWS,100.0,0.0,,
aws-samples/reinvent-fine-tune-mxnet-model-for-ios-coreml,,,0.0,1.0,0.0,0.0,AWS,100.0,0.0,,
aws-samples/rekognition-video-people-blurring-cdk,0.0,0.0,1.0,0.0,1.0,0.0,AWS,0.0,100.0,100.0,0.0
aws-samples/retail-demo-store,17.046511627906977,18.157894736842106,43.0,2.0,38.0,5.0,AWS,4.444444444444445,95.55555555555556,88.37209302325581,11.627906976744185
aws-samples/route-53-application-recovery-controller,0.0,0.0,1.0,0.0,1.0,0.0,AWS,0.0,100.0,100.0,0.0
aws-samples/run-selenium-tests-at-scale-using-ecs-fargate,0.0,0.0,2.0,0.0,2.0,0.0,AWS,0.0,100.0,100.0,0.0
aws-samples/s3-object-lambda-workshop,0.0,0.0,1.0,0.0,1.0,0.0,AWS,0.0,100.0,100.0,0.0
aws-samples/s3-select-phonebook-search,0.0,0.0,3.0,0.0,3.0,0.0,AWS,0.0,100.0,100.0,0.0
aws-samples/s3-to-lambda-patterns,0.8571428571428571,0.8571428571428571,7.0,0.0,7.0,0.0,AWS,0.0,100.0,100.0,0.0
aws-samples/sagemaker-101-workshop,10.333333333333334,10.333333333333334,6.0,0.0,6.0,0.0,AWS,0.0,100.0,100.0,0.0
aws-samples/sagemaker-custom-project-templates,10.666666666666666,10.666666666666666,3.0,0.0,3.0,0.0,AWS,0.0,100.0,100.0,0.0
aws-samples/sagemaker-horovod-distributed-training-tfkeras-pipemode,30.0,,1.0,0.0,0.0,1.0,AWS,0.0,100.0,0.0,100.0
aws-samples/sagemaker-ml-workflow-with-apache-airflow,0.0,0.0,1.0,0.0,1.0,0.0,AWS,0.0,100.0,100.0,0.0
aws-samples/sagemaker-model-monitor-bring-your-own-container,4.0,4.0,1.0,0.0,1.0,0.0,AWS,0.0,100.0,100.0,0.0
aws-samples/sagemaker-rl-energy-storage-system,0.0,0.0,1.0,0.0,1.0,0.0,AWS,0.0,100.0,100.0,0.0
aws-samples/sagemaker-rl-procgen-ray,6.0,6.0,3.0,0.0,3.0,0.0,AWS,0.0,100.0,100.0,0.0
aws-samples/sagemaker-run-notebook,232.0,232.0,1.0,0.0,1.0,0.0,AWS,0.0,100.0,100.0,0.0
aws-samples/sagemaker-studio-auto-shutdown-extension,0.0,0.0,1.0,0.0,1.0,0.0,AWS,0.0,100.0,100.0,0.0
aws-samples/sagemaker-studio-custom-image-samples,11.0,11.0,1.0,1.0,1.0,0.0,AWS,50.0,50.0,100.0,0.0
aws-samples/sagemaker-studio-emr,0.0,0.0,1.0,0.0,1.0,0.0,AWS,0.0,100.0,100.0,0.0
aws-samples/sagemaker-studio-image-build-cli,7.0,7.0,1.0,2.0,1.0,0.0,AWS,66.66666666666666,33.33333333333333,100.0,0.0
aws-samples/sagemaker-studio-lifecycle-config-examples,,,0.0,1.0,0.0,0.0,AWS,100.0,0.0,,
aws-samples/sagemaker-studio-notebook-magic-cell,7.333333333333333,7.333333333333333,3.0,0.0,3.0,0.0,AWS,0.0,100.0,100.0,0.0
aws-samples/sagemaker-studio-sparkmagic-lib,0.0,0.0,2.0,0.0,2.0,0.0,AWS,0.0,100.0,100.0,0.0
aws-samples/sagemaker-workshop,0.0,0.0,6.0,2.0,6.0,0.0,AWS,25.0,75.0,100.0,0.0
aws-samples/sagemaker-yolov3-detection-server,,,0.0,1.0,0.0,0.0,AWS,100.0,0.0,,
aws-samples/sam-python-crud-sample,3.0,3.0,1.0,0.0,1.0,0.0,AWS,0.0,100.0,100.0,0.0
aws-samples/secure-pipelines-in-aws-workshop,,,0.0,5.0,0.0,0.0,AWS,100.0,0.0,,
aws-samples/secure-static-site,0.0,0.0,1.0,0.0,1.0,0.0,AWS,0.0,100.0,100.0,0.0
aws-samples/serverless-account-signup-service,0.0,0.0,1.0,0.0,1.0,0.0,AWS,0.0,100.0,100.0,0.0
aws-samples/serverless-ai-workshop,,,0.0,1.0,0.0,0.0,AWS,100.0,0.0,,
aws-samples/serverless-container-constructs,0.0,0.0,1.0,0.0,1.0,0.0,AWS,0.0,100.0,100.0,0.0
aws-samples/serverless-content-syndication-with-aws-step-functions,2.0,2.0,1.0,0.0,1.0,0.0,AWS,0.0,100.0,100.0,0.0
aws-samples/serverless-jenkins-on-aws-fargate,23.88888888888889,15.857142857142858,9.0,0.0,7.0,2.0,AWS,0.0,100.0,77.77777777777779,22.22222222222222
aws-samples/serverless-kotlin-demo,2.6666666666666665,2.6666666666666665,3.0,0.0,3.0,0.0,AWS,0.0,100.0,100.0,0.0
aws-samples/serverless-observability-workshop,5.5,5.5,12.0,0.0,12.0,0.0,AWS,0.0,100.0,100.0,0.0
aws-samples/serverless-patterns,6.763975155279503,5.345911949685535,161.0,1.0,159.0,2.0,AWS,0.6172839506172839,99.38271604938271,98.75776397515527,1.2422360248447204
aws-samples/serverless-refarch-for-proxysql,86.33333333333333,,3.0,0.0,0.0,3.0,AWS,0.0,100.0,0.0,100.0
aws-samples/serverless-rust-demo,4.0,4.0,1.0,1.0,1.0,0.0,AWS,50.0,50.0,100.0,0.0
aws-samples/serverless-samples,0.3333333333333333,0.3333333333333333,3.0,1.0,3.0,0.0,AWS,25.0,75.0,100.0,0.0
aws-samples/serverless-sinatra-sample,,,0.0,1.0,0.0,0.0,AWS,100.0,0.0,,
aws-samples/serverless-tasks-webapp,,,0.0,1.0,0.0,0.0,AWS,100.0,0.0,,
aws-samples/serverless-trivia-game,1.0,1.0,1.0,0.0,1.0,0.0,AWS,0.0,100.0,100.0,0.0
aws-samples/serverless-webapp-mono-repo-ci-cd-java,0.0,0.0,1.0,0.0,1.0,0.0,AWS,0.0,100.0,100.0,0.0
aws-samples/sessions-with-aws-sam,47.30769230769231,47.30769230769231,13.0,0.0,13.0,0.0,AWS,0.0,100.0,100.0,0.0
aws-samples/severless-ticket-sentiment-analysis-and-automated-escalation,13.0,13.0,1.0,0.0,1.0,0.0,AWS,0.0,100.0,100.0,0.0
aws-samples/siem-on-amazon-opensearch-service,6.384615384615385,2.9166666666666665,13.0,0.0,12.0,1.0,AWS,0.0,100.0,92.3076923076923,7.6923076923076925
aws-samples/simple-game-studio-on-aws,1.5625,1.8461538461538463,16.0,0.0,13.0,3.0,AWS,0.0,100.0,81.25,18.75
aws-samples/simple-nft-marketplace,1.5,1.5,4.0,0.0,4.0,0.0,AWS,0.0,100.0,100.0,0.0
aws-samples/simple-websockets-chat-app,1.6666666666666667,2.5,3.0,1.0,2.0,1.0,AWS,25.0,75.0,66.66666666666666,33.33333333333333
aws-samples/smallmatter-package,0.0,0.0,1.0,0.0,1.0,0.0,AWS,0.0,100.0,100.0,0.0
aws-samples/smart-home-iot-alexa-workshop,,,0.0,1.0,0.0,0.0,AWS,100.0,0.0,,
aws-samples/spinnaker-keel-on-eks,3.0,3.0,2.0,0.0,2.0,0.0,AWS,0.0,100.0,100.0,0.0
aws-samples/spotable-game-server,3.0,0.0,4.0,0.0,3.0,1.0,AWS,0.0,100.0,75.0,25.0
aws-samples/sql-based-etl-on-amazon-eks,9.0,9.0,1.0,0.0,1.0,0.0,AWS,0.0,100.0,100.0,0.0
aws-samples/ssm-agent-daemonset-installer,3.5,3.5,2.0,1.0,2.0,0.0,AWS,33.33333333333333,66.66666666666666,100.0,0.0
aws-samples/ssp-eks-patterns,10.0,10.0,2.0,2.0,2.0,0.0,AWS,50.0,50.0,100.0,0.0
aws-samples/ssp-eks-workloads,2.0,2.0,1.0,1.0,1.0,0.0,AWS,50.0,50.0,100.0,0.0
aws-samples/startup-kit-serverless-workload,0.0,0.0,2.0,0.0,2.0,0.0,AWS,0.0,100.0,100.0,0.0
aws-samples/step-functions-ruby-activity-worker,,,0.0,1.0,0.0,0.0,AWS,100.0,0.0,,
aws-samples/stock-trader-app,0.0,0.0,1.0,5.0,1.0,0.0,AWS,83.33333333333334,16.666666666666664,100.0,0.0
aws-samples/streaming-analytics-workshop,2.8947368421052633,2.8333333333333335,19.0,1.0,18.0,1.0,AWS,5.0,95.0,94.73684210526315,5.263157894736842
aws-samples/terraform-aws-sap-netweaver-on-hana,3.0,3.0,1.0,0.0,1.0,0.0,AWS,0.0,100.0,100.0,0.0
aws-samples/terraform-eks-code,7.5,4.0,2.0,1.0,1.0,1.0,AWS,33.33333333333333,66.66666666666666,50.0,50.0
aws-samples/terraform-ssp-eks-patterns,1.6666666666666667,1.6666666666666667,3.0,1.0,3.0,0.0,AWS,25.0,75.0,100.0,0.0
aws-samples/torchserve-eks,111.0,,1.0,0.0,0.0,1.0,AWS,0.0,100.0,0.0,100.0
aws-samples/transfer-for-sftp-logical-directories,,,0.0,4.0,0.0,0.0,AWS,100.0,0.0,,
aws-samples/unishop-monolith-to-microservices,5.428571428571429,4.833333333333333,7.0,0.0,6.0,1.0,AWS,0.0,100.0,85.71428571428571,14.285714285714285
aws-samples/vmware-cloud-on-aws-workshops,0.0,0.0,1.0,0.0,1.0,0.0,AWS,0.0,100.0,100.0,0.0
aws-samples/voteapp,1.0,1.0,1.0,1.0,1.0,0.0,AWS,50.0,50.0,100.0,0.0
aws-samples/vpn-gateway-strongswan,0.0,0.0,1.0,0.0,1.0,0.0,AWS,0.0,100.0,100.0,0.0
aws-samples/webauthn-with-amazon-cognito,98.25,98.25,4.0,1.0,4.0,0.0,AWS,20.0,80.0,100.0,0.0
aws-samples/workdocs-s3-integration,,,0.0,1.0,0.0,0.0,AWS,100.0,0.0,,
aws-samples/workshop-textract-comprehend-es,46.0,46.0,1.0,2.0,1.0,0.0,AWS,66.66666666666666,33.33333333333333,100.0,0.0
