,framework,login,seguidores,numero_prs_criados,numero_merges,numero_prs_criado_mergeado,numero_prs_criado_n_mergeado,numero_prs_n_mergeado_fechado,numero_prs_fechado,numero_merges_exclude_auto_merge,numero_revisoes_exclude_auto_revisado,auto_revisado,tempo experiencia(dias)
0,AWS,jweiss,169.0,0,1,0,0,0,1,1,1,0,0
1,AWS,jeremeamia,414.0,0,1,0,0,0,1,1,1,0,0
2,AWS,NoSQLKnowHow,13.0,0,49,0,0,2,51,49,51,0,766
3,AWS,amcp,57.0,0,6,0,0,0,6,6,6,0,12
4,AWS,abhiksingh,11.0,0,8,0,0,1,9,8,9,0,1166
5,AWS,erichays,,0,0,0,0,0,0,0,0,0,1166
6,AWS,petermoon,69.0,0,1,0,0,0,1,1,1,0,0
7,AWS,zhangzhx,8.0,0,2,0,0,0,2,2,2,0,579
8,AWS,hvivani,9.0,0,1,0,0,0,1,1,1,0,0
9,AWS,mombergm,4.0,0,6,0,0,2,8,6,8,0,436
10,AWS,stmcpherson,10.0,0,21,0,0,2,23,21,23,0,446
11,AWS,christopherbozeman,21.0,0,12,0,0,2,14,12,14,0,129
12,AWS,adamthom,210.0,0,1,0,0,0,1,1,1,0,0
13,AWS,cliuamzn,,0,0,0,0,0,0,0,0,0,0
14,AWS,garrettjaeger,,0,0,0,0,0,0,0,0,0,0
15,AWS,Sekhar-Kutikuppala,,0,0,0,0,0,0,0,0,0,0
16,AWS,brettf,16.0,0,9,0,0,0,9,9,9,0,1305
17,AWS,mig281,2.0,0,3,0,0,0,3,3,3,0,1
18,AWS,EronHennessey,72.0,0,1,0,0,1,2,1,2,0,414
19,AWS,pmohan6,1.0,0,2,0,0,0,2,2,2,0,329
20,AWS,jonathanq,3.0,0,4,0,0,0,4,4,4,0,652
21,AWS,philstrong,54.0,0,2,0,0,0,2,2,2,0,112
22,AWS,Helen1987,,0,0,0,0,0,0,0,0,0,112
23,AWS,yubangxi,2.0,0,4,0,0,0,4,4,4,0,454
24,AWS,feverLu,1.0,0,6,0,0,0,6,6,6,0,743
25,AWS,asaf-erlich,3.0,0,2,0,0,1,3,2,3,0,245
26,AWS,ambareesha,0.0,0,1,0,0,0,1,1,1,0,0
27,AWS,Jmcfar,1.0,0,9,0,0,0,9,9,9,0,579
28,AWS,suryanarayanan,7.0,0,5,0,0,1,6,5,6,0,279
29,AWS,jpignata,160.0,0,5,0,0,0,5,5,5,0,1107
30,AWS,kvasukib,68.0,0,1,0,0,0,1,1,1,0,0
31,AWS,rohandubal,24.0,0,3,0,0,0,3,3,3,0,119
32,AWS,karthiksaligrama,110.0,0,3,0,0,0,3,3,3,0,343
33,AWS,dstroppa,9.0,0,8,0,0,0,8,8,8,0,592
34,AWS,nathanpeck,820.0,0,3,0,0,0,3,3,3,0,596
35,AWS,leopd,183.0,0,2,0,0,0,2,2,2,0,910
36,AWS,BigLep,13.0,0,2,0,0,0,2,2,2,0,356
37,AWS,chriszheng10,0.0,0,1,0,0,0,1,1,1,0,0
38,AWS,zarandioon,1.0,0,3,0,0,0,3,3,3,0,0
39,AWS,romerocesar,19.0,0,1,0,0,0,1,1,1,0,0
40,AWS,keerthy411,,0,0,0,0,0,0,0,0,0,0
41,AWS,MarkAtwood,,0,0,0,0,0,0,0,0,0,0
42,AWS,pfifer,29.0,0,2,0,0,0,2,2,2,0,13
43,AWS,mwunderl,79.0,0,10,0,0,4,14,10,14,0,1270
44,AWS,glez-aws,4.0,0,6,0,0,0,6,6,6,0,61
45,AWS,nikhil-dabhade,15.0,0,8,0,0,0,8,8,8,0,1320
46,AWS,ahawker,103.0,0,6,0,0,0,6,6,6,0,91
47,AWS,appwiz,146.0,0,3,0,0,1,4,3,4,0,124
48,AWS,scottgoldwater,,0,0,0,0,0,0,0,0,0,124
49,AWS,bradley-curran,10.0,0,1,0,0,0,1,1,1,0,0
50,AWS,sapessi,81.0,0,2,0,0,0,2,2,2,0,108
51,AWS,hyandell,225.0,0,2,0,0,0,2,2,2,0,0
52,AWS,srisub-amzn,1.0,0,1,0,0,0,1,1,1,0,0
53,AWS,rjvgupta,7.0,0,5,0,0,6,11,5,11,0,739
54,AWS,IanMeyers,52.0,0,5,0,0,0,5,5,5,0,1052
55,AWS,zach-data,9.0,0,1,0,0,0,1,1,1,0,0
56,AWS,jbraeuer,28.0,0,3,0,0,0,3,3,3,0,248
57,AWS,georgmao,22.0,0,5,0,0,0,5,5,5,0,793
58,AWS,gthuang,0.0,0,1,0,0,0,1,1,1,0,0
59,AWS,aaronkao,,0,0,0,0,0,0,0,0,0,0
60,AWS,teknogeek0,128.0,0,11,0,0,19,30,11,30,0,1864
61,AWS,melwin,,0,0,0,0,0,0,0,0,0,1864
62,AWS,waleoladehin,,0,0,0,0,0,0,0,0,0,1864
63,AWS,awood45,275.0,0,1,0,0,0,1,1,1,0,0
64,AWS,dgomesbr,83.0,0,16,0,0,3,19,16,19,0,866
65,AWS,mikeapted,13.0,0,24,0,0,6,30,24,30,0,654
66,AWS,samdengler,42.0,0,13,0,0,2,15,13,15,0,1386
67,AWS,bdoncaster,0.0,0,2,0,0,2,4,2,4,0,0
68,AWS,jbnunn,,0,0,0,0,0,0,0,0,0,0
69,AWS,jasdel,155.0,0,3,0,0,1,4,3,4,0,267
70,AWS,julienlepine,6.0,0,16,0,0,0,16,16,16,0,1091
71,AWS,baldwinmatt,81.0,0,14,0,0,2,16,14,16,0,1693
72,AWS,imperalix,1.0,0,1,0,0,0,1,1,1,0,0
73,AWS,kyleknap,167.0,0,1,0,0,0,1,1,1,0,0
74,AWS,jamesls,520.0,0,5,0,0,4,9,5,9,0,1557
75,AWS,zoltak,2.0,0,1,0,0,0,1,1,1,0,0
76,AWS,sunilmallya,55.0,0,3,0,0,0,3,3,3,0,846
77,AWS,emcfins,2.0,0,1,0,0,0,1,1,1,0,0
78,AWS,seajoshc,13.0,0,3,0,0,1,4,3,4,0,62
79,AWS,katem7368,,0,0,0,0,0,0,0,0,0,62
80,AWS,jicowan,49.0,0,25,0,0,1,26,25,26,0,1999
81,AWS,PaulMaddox,163.0,0,26,0,0,11,37,26,37,0,705
82,AWS,emurray1000,0.0,0,4,0,0,0,4,4,4,0,0
83,AWS,kyarosh,1.0,0,1,0,0,0,1,1,1,0,0
84,AWS,diegonat,1.0,0,3,0,0,3,6,3,6,0,583
85,AWS,asifamz,4.0,0,7,0,0,0,7,7,7,0,301
86,AWS,bls20AWS,36.0,0,37,0,0,0,37,37,37,0,506
87,AWS,rts-rob,43.0,0,3,0,0,2,5,3,5,0,200
88,AWS,angelarw,47.0,0,22,0,0,3,25,22,25,0,1205
89,AWS,mikedeck,11.0,0,25,0,0,9,34,25,34,0,825
90,AWS,justonian,17.0,0,6,0,0,0,6,6,6,0,207
91,AWS,Doug-AWS,58.0,0,6,0,0,0,6,6,6,0,698
92,AWS,heitorlessa,213.0,0,21,0,0,7,27,21,27,0,1342
93,AWS,schallis,,0,0,0,0,0,0,0,0,0,1342
94,AWS,atomicaws,0.0,0,0,0,0,1,1,0,1,0,1342
95,AWS,schmutze,60.0,0,1,0,0,1,2,1,2,0,841
96,AWS,rajput-jitendra,,0,0,0,0,0,0,0,0,0,841
97,AWS,olivierklein,4.0,0,1,0,0,0,1,1,1,0,0
98,AWS,willarmiros,,0,0,0,0,0,0,0,0,0,0
99,AWS,lupengamzn,,0,0,0,0,0,0,0,0,0,0
100,AWS,yogiraj07,9.0,0,2,0,0,0,2,2,2,0,0
101,AWS,yishengl,0.0,0,1,0,0,0,1,1,1,0,0
102,AWS,rabowskyb,9.0,0,13,0,0,1,14,13,14,0,1735
103,AWS,itzhapaz,0.0,0,1,0,0,0,1,1,1,0,0
104,AWS,stilvoid,71.0,0,1,0,0,1,2,1,2,0,215
105,AWS,mperi,8.0,0,2,0,0,0,2,2,2,0,324
106,AWS,rnzsgh,22.0,0,11,0,0,1,12,11,12,0,368
107,AWS,john,,0,0,0,0,0,0,0,0,0,368
108,AWS,isbkch,46.0,0,1,0,0,0,1,1,1,0,0
109,AWS,jkahn117,,0,0,0,0,0,0,0,0,0,0
110,AWS,trenton,4.0,0,2,0,0,0,2,2,2,0,240
111,AWS,taneemtee,9.0,0,1,0,0,0,1,1,1,0,0
112,AWS,nhira,3.0,0,9,0,0,0,9,9,9,0,1107
113,AWS,awwerth,0.0,0,1,0,0,0,1,1,1,0,0
114,AWS,smoell,18.0,0,22,0,0,2,24,22,24,0,1467
115,AWS,sthm,7.0,0,21,0,0,1,22,21,22,0,698
116,AWS,smp,12.0,0,11,0,0,0,11,11,11,0,1476
117,AWS,lmbo-2020,0.0,0,1,0,0,0,1,1,1,0,0
118,AWS,moomindani,31.0,0,16,0,0,5,21,16,21,0,651
119,AWS,delagoya,41.0,0,1,0,0,0,1,1,1,0,0
120,AWS,ajfriedman18,0.0,0,2,0,0,0,2,2,2,0,0
121,AWS,dalbhanj,17.0,0,42,0,0,8,50,42,50,0,1434
122,AWS,anshrma,6.0,0,8,0,0,0,8,8,8,0,1401
123,AWS,awsed,141.0,0,15,0,0,2,17,15,17,0,1426
124,AWS,jpeddicord,,0,0,0,0,0,0,0,0,0,1426
125,AWS,atoa,6.0,0,9,0,0,6,15,9,15,0,1336
126,AWS,bobpskier,6.0,0,5,0,0,3,8,5,8,0,1150
127,AWS,tomjames19,2.0,0,1,0,0,0,1,1,1,0,0
128,AWS,JohnCalhoun,28.0,0,3,0,0,1,4,3,4,0,78
129,AWS,darrylsosborne,11.0,0,11,0,0,3,14,11,14,0,1224
130,AWS,jamesiri,55.0,0,1,0,0,0,1,1,1,0,0
131,AWS,jinspark-lab,,0,0,0,0,0,0,0,0,0,0
132,AWS,bskim,1.0,0,1,0,0,0,1,1,1,0,0
133,AWS,ckassen,86.0,0,7,0,0,0,7,7,7,0,797
134,AWS,buzzsurfr,16.0,0,29,0,0,2,31,29,31,0,1281
135,AWS,christopherhein,206.0,0,34,0,0,2,36,34,36,0,210
136,AWS,arun-gupta,3585.0,0,129,0,0,6,135,129,135,0,633
137,AWS,scottmalkie,,0,0,0,0,0,0,0,0,0,633
138,AWS,brianhammons,5.0,0,10,0,0,1,11,10,11,0,405
139,AWS,trevorrobertsjr,,0,0,0,0,0,0,0,0,0,405
140,AWS,nbrandaleone,12.0,0,1,0,0,0,1,1,1,0,0
141,AWS,cubetoon,1.0,0,1,0,0,1,2,1,2,0,284
142,AWS,koiker,13.0,0,4,0,0,0,4,4,4,0,1445
143,AWS,thebeebs,,0,0,0,0,0,0,0,0,0,1445
144,AWS,marcilio,13.0,0,1,0,0,0,1,1,1,0,0
145,AWS,chirillc-aws,,0,0,0,0,0,0,0,0,0,0
146,AWS,Nosajool,39.0,0,10,0,0,1,11,10,11,0,490
147,AWS,TheRyanBurke,28.0,0,4,0,0,0,4,4,4,0,441
148,AWS,palpatim,84.0,0,1,0,0,0,1,1,1,0,0
149,AWS,undefobj,111.0,0,3,0,0,0,3,3,3,0,134
150,AWS,mbtaws,0.0,0,1,0,0,0,1,1,1,0,0
151,AWS,lyoungblood,58.0,0,1,0,0,0,1,1,1,0,0
152,AWS,onlybakam,29.0,0,1,0,0,0,1,1,1,0,0
153,AWS,adrianhall,,0,0,0,0,0,0,0,0,0,0
154,AWS,MikeDombo,38.0,0,1,0,0,1,2,1,2,0,48
155,AWS,fengwang666,,0,0,0,0,0,0,0,0,0,48
156,AWS,K-AWS,0.0,0,1,0,0,1,2,1,2,0,572
157,AWS,RBouaichiAWS,0.0,0,3,0,0,0,3,3,3,0,100
158,AWS,seebees,,0,0,0,0,0,0,0,0,0,100
159,AWS,mattsb42-aws,101.0,0,16,0,0,0,16,16,16,0,512
160,AWS,ksamreen,,0,0,0,0,0,0,0,0,0,512
161,AWS,thesnicketylemon,,0,0,0,0,0,0,0,0,0,512
162,AWS,lizroth,6.0,0,3,0,0,0,3,3,3,0,2
163,AWS,arealjim,0.0,0,2,0,0,0,2,2,2,0,0
164,AWS,praddc,,0,0,0,0,0,0,0,0,0,0
165,AWS,praus,,0,0,0,0,0,0,0,0,0,0
166,AWS,karlw00t,,0,0,0,0,0,0,0,0,0,0
167,AWS,abaird986,18.0,0,38,0,0,28,66,38,66,0,1171
168,AWS,morjoan,1.0,0,6,0,0,1,7,6,7,0,0
169,AWS,JimTharioAmazon,6.0,0,2,0,0,3,5,2,5,0,5
170,AWS,aburkleaux-amazon,16.0,0,4,0,0,0,4,4,4,0,807
171,AWS,gmccarth,1.0,0,1,0,0,0,1,1,1,0,0
172,AWS,awsmiev,0.0,0,1,0,0,0,1,1,1,0,0
173,AWS,srinivasankrajeev,1.0,0,2,0,0,0,2,2,2,0,9
174,AWS,fibbonnaci,12.0,0,1,0,0,0,1,1,1,0,0
175,AWS,tescal2,4.0,0,10,0,0,0,10,10,10,0,182
176,AWS,mike-starr,5.0,0,4,0,0,1,5,4,5,0,656
177,AWS,alveko,6.0,0,2,0,0,1,3,2,3,0,978
178,AWS,sunilchhablani,,0,0,0,0,0,0,0,0,0,978
179,AWS,p-palanis,10.0,0,1,0,0,0,1,1,1,0,0
180,AWS,cgulliver,2.0,0,8,0,0,1,9,8,9,0,770
181,AWS,omarlari,5.0,0,2,0,0,0,2,2,2,0,209
182,AWS,sundarnarasiman,2.0,0,7,0,0,1,8,7,8,0,140
183,AWS,ryanholland,9.0,0,6,0,0,5,11,6,11,0,652
184,AWS,tomstickle,2.0,0,8,0,0,1,9,8,9,0,934
185,AWS,ashika01,,0,0,0,0,0,0,0,0,0,934
186,AWS,clareliguori,687.0,0,5,0,0,0,5,5,5,0,864
187,AWS,MCLDG,8.0,0,19,0,0,2,21,19,21,0,601
188,AWS,pghedia,0.0,0,2,0,0,0,2,2,2,0,116
189,AWS,meggers0,1.0,0,4,0,0,0,4,4,4,0,638
190,AWS,jmfuchs,15.0,0,19,0,0,0,19,19,19,0,1118
191,AWS,araitats,,0,0,0,0,0,0,0,0,0,1118
192,AWS,sammartinez,,0,0,0,0,0,0,0,0,0,1118
193,AWS,iartemiev,,0,0,0,0,0,0,0,0,0,1118
194,AWS,elorzafe,40.0,0,4,0,0,2,6,4,6,0,202
195,AWS,galmeida,8.0,0,0,0,0,1,1,0,1,0,202
196,AWS,jtrollin,,0,0,0,0,0,0,0,0,0,202
197,AWS,brianjbeach,12.0,0,2,0,0,1,3,2,3,0,450
198,AWS,kwwaikar,9.0,0,2,0,0,2,4,2,4,0,1177
199,AWS,MitchyBAwesome,4.0,0,10,0,0,0,10,10,10,0,935
200,AWS,buzzynz,1.0,0,1,0,0,0,1,1,1,0,0
201,AWS,chapmancl,5.0,0,9,0,0,9,18,9,18,0,1025
202,AWS,jungji1,,0,0,0,0,0,0,0,0,0,1025
203,AWS,brtrvn,0.0,0,7,0,0,11,18,7,18,0,700
204,AWS,jdhardy,37.0,0,1,0,0,0,1,1,1,0,0
205,AWS,davfaulk,8.0,0,6,0,0,1,7,6,7,0,1137
206,AWS,rdahlstrAWS,0.0,0,2,0,0,0,2,2,2,0,0
207,AWS,iansrobinson,108.0,0,3,0,0,0,3,3,3,0,755
208,AWS,beebs-systap,96.0,0,12,0,0,1,13,12,13,0,979
209,AWS,bechbd,,0,0,0,0,0,0,0,0,0,979
210,AWS,ejazsyd,0.0,0,1,0,0,0,1,1,1,0,0
211,AWS,sliedig,24.0,0,7,0,0,3,10,7,10,0,833
212,AWS,mikejgillespie,1.0,0,3,0,0,0,3,3,3,0,167
213,AWS,gowrishb,0.0,0,1,0,0,1,2,1,2,0,419
214,AWS,kenstler,10.0,0,1,0,0,0,1,1,1,0,0
215,AWS,aliasgarjh,1.0,0,1,0,0,0,1,1,1,0,0
216,AWS,awsvik,3.0,0,1,0,0,0,1,1,1,0,0
217,AWS,filanthropic,22.0,0,3,0,0,0,3,3,3,0,29
218,AWS,jeffpuchalski,4.0,0,2,0,0,0,2,2,2,0,0
219,AWS,rollucas,0.0,0,6,0,0,0,6,6,6,0,1125
220,AWS,rddefauw,0.0,0,1,0,0,0,1,1,1,0,0
221,AWS,joshongithub,5.0,0,3,0,0,0,3,3,3,0,15
222,AWS,steveataws,49.0,0,4,0,0,0,4,4,4,0,699
223,AWS,svarvadekar,,0,0,0,0,0,0,0,0,0,699
224,AWS,lwilkovich,,0,0,0,0,0,0,0,0,0,699
225,AWS,da-miller,5.0,0,7,0,0,0,7,7,7,0,581
226,AWS,JCoelhoo,,0,0,0,0,0,0,0,0,0,581
227,AWS,JeremyJohnsonAmazon,0.0,0,2,0,0,0,2,2,2,0,36
228,AWS,DavidChristiansen,61.0,0,1,0,0,0,1,1,1,0,0
229,AWS,dave-malone,19.0,0,1,0,0,0,1,1,1,0,0
230,AWS,allenmichael,55.0,0,2,0,0,0,2,2,2,0,3
231,AWS,hub714,6.0,0,3,0,0,0,3,3,3,0,299
232,AWS,rudychetty,0.0,0,2,0,0,0,2,2,2,0,0
233,AWS,muellerc,43.0,0,14,0,0,0,14,14,14,0,1168
234,AWS,kapadiazafar,,0,0,0,0,0,0,0,0,0,1168
235,AWS,MixMasterMitch,6.0,0,1,0,0,0,1,1,1,0,0
236,AWS,ranman,,0,0,0,0,0,0,0,0,0,0
237,AWS,eggoynes,10.0,0,4,0,0,0,4,4,4,0,604
238,AWS,jarednielsen,,0,0,0,0,0,0,0,0,0,604
239,AWS,anuragrs,,0,0,0,0,0,0,0,0,0,604
240,AWS,haohanchen-yagao,,0,0,0,0,0,0,0,0,0,604
241,AWS,johnbensnyder,21.0,0,1,0,0,0,1,1,1,0,0
242,AWS,rahul003,67.0,0,2,0,0,1,3,2,3,0,420
243,AWS,yongwww,,0,0,0,0,0,0,0,0,0,420
244,AWS,adethyaa,,0,0,0,0,0,0,0,0,0,420
245,AWS,khanshariquem,,0,0,0,0,0,0,0,0,0,420
246,AWS,KasulaVamsi,,0,0,0,0,0,0,0,0,0,420
247,AWS,bryawood-aws,0.0,0,2,0,0,0,2,2,2,0,74
248,AWS,malaval,0.0,0,2,0,0,1,3,2,3,0,211
249,AWS,amrragab8080,7.0,0,1,0,0,1,2,1,2,0,821
250,AWS,gmudambi,0.0,0,18,0,0,0,18,18,18,0,789
251,AWS,hanzx227,0.0,0,4,0,0,0,4,4,4,0,565
252,AWS,rday,80.0,0,13,0,0,0,13,13,13,0,993
253,AWS,nalramli,,0,0,0,0,0,0,0,0,0,993
254,AWS,sggregoi,0.0,0,3,0,0,0,3,3,3,0,0
255,AWS,kumarrk21,16.0,0,3,0,0,0,3,3,3,0,422
256,AWS,rothgar,328.0,0,1,0,0,0,1,1,1,0,0
257,AWS,brentley,353.0,0,306,0,0,49,355,306,355,0,1027
258,AWS,adamjkeller,79.0,0,2,0,0,0,2,2,2,0,68
259,AWS,Jukie,8.0,0,7,0,0,2,9,7,9,0,13
260,AWS,fmedery,9.0,0,5,0,0,2,7,5,7,0,183
261,AWS,jlbutler,34.0,0,1,0,0,0,1,1,1,0,0
262,AWS,oak2278,10.0,0,5,0,0,1,6,5,6,0,557
263,AWS,paavan98pm,37.0,0,13,0,0,0,13,13,13,0,211
264,AWS,vjsikha,,0,0,0,0,0,0,0,0,0,211
265,AWS,mschenli,0.0,0,1,0,0,0,1,1,1,0,0
266,AWS,daekeun-ml,,0,0,0,0,0,0,0,0,0,0
267,AWS,pilhokim,3.0,0,1,0,0,0,1,1,1,0,0
268,AWS,joe-norman,,0,0,0,0,0,0,0,0,0,0
269,AWS,yimuniao,,0,0,0,0,0,0,0,0,0,0
270,AWS,skvasant,,0,0,0,0,0,0,0,0,0,0
271,AWS,timmattison,22.0,0,4,0,0,1,5,4,5,0,837
272,AWS,maheshda-aws,0.0,0,2,0,0,0,2,2,2,0,129
273,AWS,marcosortiz,3.0,0,4,0,0,0,4,4,4,0,411
274,AWS,janborch,,0,0,0,0,0,0,0,0,0,411
275,AWS,JoeJesse,,0,0,0,0,0,0,0,0,0,411
276,AWS,simonmarty,,0,0,0,0,0,0,0,0,0,411
277,AWS,kboxeth,,0,0,0,0,0,0,0,0,0,411
278,AWS,parimaldeshmukh,,0,0,0,0,0,0,0,0,0,411
279,AWS,madsid,6.0,0,2,0,0,0,2,2,2,0,227
280,AWS,willtong1234,2.0,0,2,0,0,0,2,2,2,0,106
281,AWS,wisemanIV,3.0,0,3,0,0,0,3,3,3,0,97
282,AWS,robmarano,75.0,0,2,0,0,0,2,2,2,0,259
283,AWS,jeffscottlevine,5.0,0,3,0,0,0,3,3,3,0,342
284,AWS,edwinavalos,14.0,0,1,0,0,0,1,1,1,0,0
285,AWS,ericzbeard,9.0,0,6,0,0,0,6,6,6,0,884
286,AWS,ferdingler,48.0,0,22,0,0,13,35,22,35,0,584
287,AWS,TheEmpty,,0,0,0,0,0,0,0,0,0,584
288,AWS,jfritche,0.0,0,1,0,0,0,1,1,1,0,0
289,AWS,jonrhall,3.0,0,2,0,0,1,3,2,3,0,70
290,AWS,github-actions[bot],0.0,0,233,0,0,3,236,233,236,0,447
291,AWS,peterwoodworth,5.0,0,0,0,0,5,5,0,5,0,447
292,AWS,corymhall,13.0,0,5,0,0,3,8,5,8,0,464
293,AWS,njlynch,21.0,0,2,0,0,0,2,2,2,0,139
294,AWS,NGL321,35.0,0,42,0,0,10,52,42,52,0,630
295,AWS,mergify[bot],0.0,0,92,0,0,0,92,92,92,0,813
296,AWS,ryparker,44.0,0,2,0,0,5,7,2,7,0,91
297,AWS,eladb,527.0,0,37,0,0,3,40,37,40,0,395
298,AWS,dependabot[bot],0.0,0,0,0,0,21,21,0,21,0,395
299,AWS,SomayaB,28.0,0,1,0,0,0,1,1,1,0,0
300,AWS,rix0rrr,184.0,0,17,0,0,4,21,17,21,0,574
301,AWS,MrArnoldPalmer,33.0,0,1,0,0,2,3,1,3,0,339
302,AWS,RomainMuller,69.0,0,2,0,0,1,3,2,3,0,454
303,AWS,garnaat,420.0,0,3,0,0,0,3,3,3,0,0
304,AWS,pkohan,3.0,0,1,0,0,0,1,1,1,0,0
305,AWS,alanmur,5.0,0,1,0,0,2,3,1,3,0,101
306,AWS,chmarsaws,0.0,0,1,0,0,0,1,1,1,0,0
307,AWS,dbinoy,21.0,0,2,0,0,0,2,2,2,0,1
308,AWS,pputhran,6.0,0,1,0,0,0,1,1,1,0,0
309,AWS,iarusv,0.0,0,2,0,0,0,2,2,2,0,0
310,AWS,igalonso,,0,0,0,0,0,0,0,0,0,0
311,AWS,minbi,12.0,0,1,0,0,0,1,1,1,0,0
312,AWS,Brettles,4.0,0,2,0,0,0,2,2,2,0,422
313,AWS,skrinak,53.0,0,1,0,0,0,1,1,1,0,0
314,AWS,MCLDG-zz,13.0,0,10,0,0,0,10,10,10,0,90
315,AWS,twilson-aws,1.0,0,2,0,0,0,2,2,2,0,407
316,AWS,nithu0115,28.0,0,1,0,0,1,2,1,2,0,629
317,AWS,subfuzion,360.0,0,21,0,0,0,21,21,21,0,15
318,AWS,awssandra,,0,0,0,0,0,0,0,0,0,15
319,AWS,tiffanyfay,,0,0,0,0,0,0,0,0,0,15
320,AWS,aughban,,0,0,0,0,0,0,0,0,0,15
321,AWS,steffeng,37.0,0,4,0,0,1,5,4,5,0,550
322,AWS,dependabot-preview[bot],,0,0,0,0,0,0,0,0,0,550
323,AWS,sirirako,,0,0,0,0,0,0,0,0,0,550
324,AWS,xiangshen-dk,12.0,0,12,0,0,1,13,12,13,0,240
325,AWS,adam-aws,,0,0,0,0,0,0,0,0,0,240
326,AWS,rbboimer,12.0,0,1,0,0,0,1,1,1,0,0
327,AWS,smohiuddin,,0,0,0,0,0,0,0,0,0,0
328,AWS,dabit3,5205.0,0,3,0,0,0,3,3,3,0,595
329,AWS,eddie1183,0.0,0,7,0,0,0,7,7,7,0,223
330,AWS,sahikagenc,,0,0,0,0,0,0,0,0,0,223
331,AWS,wentzeld,4.0,0,3,0,0,0,3,3,3,0,218
332,AWS,nealmcfee-aws,,0,0,0,0,0,0,0,0,0,218
333,AWS,muhyun,67.0,0,5,0,0,3,8,5,8,0,560
334,AWS,james-jory,14.0,0,42,0,0,2,44,42,44,0,602
335,AWS,chrisking,45.0,0,44,0,0,1,45,44,45,0,816
336,AWS,luseloso,2.0,0,2,0,0,0,2,2,2,0,3
337,AWS,sethiv,0.0,0,1,0,0,0,1,1,1,0,0
338,AWS,dotgc,,0,0,0,0,0,0,0,0,0,0
339,AWS,muralibalki,5.0,0,3,0,0,0,3,3,3,0,25
340,AWS,rsong6,1.0,0,3,0,0,0,3,3,3,0,18
341,AWS,shimomut,3.0,0,9,0,0,0,9,9,9,0,612
342,AWS,Yatrie,0.0,0,2,0,0,0,2,2,2,0,44
343,AWS,christy,9.0,0,4,0,0,2,6,4,6,0,59
344,AWS,ktonthat,,0,0,0,0,0,0,0,0,0,59
345,AWS,dcmaddix,,0,0,0,0,0,0,0,0,0,59
346,AWS,akhilrazdan,1.0,0,11,0,0,4,15,11,15,0,365
347,AWS,lovvge,,0,0,0,0,0,0,0,0,0,365
348,AWS,yangcheng,,0,0,0,0,0,0,0,0,0,365
349,AWS,awsrossw,8.0,0,4,0,0,0,4,4,4,0,83
350,AWS,matteofigus,304.0,0,4,0,0,0,4,4,4,0,289
351,AWS,ctd,83.0,0,0,0,0,1,1,0,1,0,289
352,AWS,HieronymusLex,,0,0,0,0,0,0,0,0,0,289
353,AWS,rezabekf,15.0,0,6,0,0,6,12,6,12,0,663
354,AWS,schadem,3.0,0,16,0,0,5,21,16,21,0,682
355,AWS,jt0,13.0,0,1,0,0,0,1,1,1,0,0
356,AWS,EmilyWebber,,0,0,0,0,0,0,0,0,0,0
357,AWS,rrangnekar,2.0,0,1,0,0,0,1,1,1,0,0
358,AWS,catcharbind,4.0,0,1,0,0,0,1,1,1,0,0
359,AWS,ottokruse,10.0,0,14,0,0,2,16,14,16,0,844
360,AWS,jxuamazon,,0,0,0,0,0,0,0,0,0,844
361,AWS,josiahbjorgaard,,0,0,0,0,0,0,0,0,0,844
362,AWS,yahavb,20.0,0,3,0,0,1,4,3,4,0,14
363,AWS,ajayvohra2005,6.0,0,2,0,0,0,2,2,2,0,378
364,AWS,tpbrogan,4.0,0,4,0,0,0,4,4,4,0,108
365,AWS,naveenkoppula,,0,0,0,0,0,0,0,0,0,108
366,AWS,sagariiit,1.0,0,4,0,0,0,4,4,4,0,99
367,AWS,mky4,,0,0,0,0,0,0,0,0,0,99
368,AWS,mgrzesiuk,,0,0,0,0,0,0,0,0,0,99
369,AWS,lameiro-amazon,,0,0,0,0,0,0,0,0,0,99
370,AWS,farleyb-amazon,,0,0,0,0,0,0,0,0,0,99
371,AWS,NetaNir,,0,0,0,0,0,0,0,0,0,99
372,AWS,iliapolo,,0,0,0,0,0,0,0,0,0,99
373,AWS,nija-at,25.0,0,1,0,0,0,1,1,1,0,0
374,AWS,shivlaks,,0,0,0,0,0,0,0,0,0,0
375,AWS,skinny85,117.0,0,2,0,0,2,4,2,4,0,609
376,AWS,SoManyHs,35.0,0,2,0,0,1,3,2,3,0,255
377,AWS,sam-goodwin,,0,0,0,0,0,0,0,0,0,255
378,AWS,amui,2.0,0,4,0,0,0,4,4,4,0,406
379,AWS,wleepang,58.0,0,26,0,0,2,28,26,28,0,960
380,AWS,Athena96,,0,0,0,0,0,0,0,0,0,960
381,AWS,abhi7cr,9.0,0,3,0,0,0,3,3,3,0,79
382,AWS,nimacks,,0,0,0,0,0,0,0,0,0,79
383,AWS,kahdojay,,0,0,0,0,0,0,0,0,0,79
384,AWS,taqumin,0.0,0,1,0,0,0,1,1,1,0,0
385,AWS,umairishaq,5.0,0,4,0,0,0,4,4,4,0,176
386,AWS,aditya187,0.0,0,1,0,0,0,1,1,1,0,0
387,AWS,mooretom,17.0,0,1,0,0,0,1,1,1,0,0
388,AWS,hariby,17.0,0,4,0,0,0,4,4,4,0,408
389,AWS,shokout,2.0,0,3,0,0,0,3,3,3,0,212
390,AWS,imadeit,,0,0,0,0,0,0,0,0,0,212
391,AWS,chamcca,,0,0,0,0,0,0,0,0,0,212
392,AWS,msambol,,0,0,0,0,0,0,0,0,0,212
393,AWS,LeahSiddall-aws,7.0,0,1,0,0,0,1,1,1,0,0
394,AWS,kulpbenamazon,0.0,0,1,0,0,0,1,1,1,0,0
395,AWS,CarmenAPuccio,13.0,0,0,0,0,1,1,0,1,0,0
396,AWS,harusametime,26.0,0,9,0,0,0,9,9,9,0,600
397,AWS,ohbuchim,0.0,0,7,0,0,0,7,7,7,0,257
398,AWS,mpdominguez,8.0,0,1,0,0,0,1,1,1,0,0
399,AWS,fernbach,,0,0,0,0,0,0,0,0,0,0
400,AWS,lopezfj,,0,0,0,0,0,0,0,0,0,0
401,AWS,rshalhoup,,0,0,0,0,0,0,0,0,0,0
402,AWS,monamo19,3.0,0,8,0,0,2,10,8,10,0,296
403,AWS,svozza,35.0,0,6,0,0,2,8,6,8,0,732
404,AWS,toksvaeth,,0,0,0,0,0,0,0,0,0,732
405,AWS,jayyeras,,0,0,0,0,0,0,0,0,0,732
406,AWS,rohitchandalurivt,,0,0,0,0,0,0,0,0,0,732
407,AWS,srikanth311,,0,0,0,0,0,0,0,0,0,732
408,AWS,Jeffwan,236.0,0,4,0,0,0,4,4,4,0,306
409,AWS,tabern,,0,0,0,0,0,0,0,0,0,306
410,AWS,sthulb,,0,0,0,0,0,0,0,0,0,306
411,AWS,pahud,584.0,0,53,0,0,28,81,53,81,0,879
412,AWS,vladvataws,2.0,0,16,0,0,0,16,16,16,0,650
413,AWS,saselvan,,0,0,0,0,0,0,0,0,0,650
414,AWS,spaethp,0.0,0,4,0,0,0,4,4,4,0,1
415,AWS,antovespoli,,0,0,0,0,0,0,0,0,0,1
416,AWS,dudutwizer,7.0,0,2,0,0,0,2,2,2,0,1
417,AWS,khastation,4.0,0,1,0,0,1,2,1,2,0,272
418,AWS,yuajia,,0,0,0,0,0,0,0,0,0,272
419,AWS,darwaishx,34.0,0,4,0,0,1,5,4,5,0,730
420,AWS,ykbryan,,0,0,0,0,0,0,0,0,0,730
421,AWS,manavsehgal,107.0,0,1,0,0,0,1,1,1,0,0
422,AWS,hangc27,,0,0,0,0,0,0,0,0,0,0
423,AWS,nmwalsh,,0,0,0,0,0,0,0,0,0,0
424,AWS,samuel-henry,54.0,0,9,0,0,0,9,9,9,0,193
425,AWS,morrmt,,0,0,0,0,0,0,0,0,0,193
426,AWS,JunLyu,,0,0,0,0,0,0,0,0,0,193
427,AWS,jaipreet-s,14.0,0,7,0,0,0,7,7,7,0,709
428,AWS,ZhangHan,8.0,0,2,0,0,0,2,2,2,0,381
429,AWS,neelamgehlot,11.0,0,7,0,0,0,7,7,7,0,335
430,AWS,Lstilwell,5.0,0,1,0,0,0,1,1,1,0,0
431,AWS,mckev-amazon,2.0,0,2,0,0,0,2,2,2,0,0
432,AWS,walkley,16.0,0,8,0,0,0,8,8,8,0,481
433,AWS,pxaws,1.0,0,2,0,0,0,2,2,2,0,76
434,AWS,pingleig,,0,0,0,0,0,0,0,0,0,76
435,AWS,hdj630,1.0,0,2,0,0,0,2,2,2,0,55
436,AWS,gubupt,,0,0,0,0,0,0,0,0,0,55
437,AWS,zhoufang-joe,1.0,0,1,0,0,0,1,1,1,0,0
438,AWS,tonynv,90.0,0,13,0,0,2,15,13,15,0,28
439,AWS,eranation,48.0,0,6,0,0,0,6,6,6,0,708
440,AWS,neillock,,0,0,0,0,0,0,0,0,0,708
441,AWS,mtalreja-a,0.0,0,2,0,0,0,2,2,2,0,150
442,AWS,bnusunny,17.0,0,9,0,0,1,10,9,10,0,268
443,AWS,zxkane,47.0,0,2,0,0,0,2,2,2,0,91
444,AWS,huangzbaws,6.0,0,4,0,0,0,4,4,4,0,6
445,AWS,nmoutschen,116.0,0,13,0,0,1,14,13,14,0,749
446,AWS,billtarr-aws,0.0,0,1,0,0,0,1,1,1,0,0
447,AWS,orchidmajumder,9.0,0,2,0,0,0,2,2,2,0,45
448,AWS,tuliocasagrande,,0,0,0,0,0,0,0,0,0,45
449,AWS,tzvetkov75,15.0,0,5,0,0,0,5,5,5,0,197
450,AWS,cassiamartin,1.0,0,1,0,0,0,1,1,1,0,0
451,AWS,enr1c091,39.0,0,15,0,0,1,16,15,16,0,279
452,AWS,trivikr,251.0,0,3,0,0,0,3,3,3,0,240
453,AWS,AllanZhengYP,,0,0,0,0,0,0,0,0,0,240
454,AWS,seigenbrode,6.0,0,1,0,0,0,1,1,1,0,0
455,AWS,PettitWesley,48.0,0,13,0,0,1,14,13,14,0,756
456,AWS,mhausenblas,1025.0,0,1,0,0,0,1,1,1,0,0
457,AWS,xonor,,0,0,0,0,0,0,0,0,0,0
458,AWS,stevensu1977,19.0,0,9,0,0,2,11,9,11,0,78
459,AWS,ykmr1224,2.0,0,0,0,0,1,1,0,1,0,78
460,AWS,varunrao,1.0,0,9,0,0,0,9,9,9,0,507
461,AWS,muhammadshahzad132,0.0,0,3,0,0,0,3,3,3,0,374
462,AWS,rpcme,59.0,0,10,0,0,0,10,10,10,0,523
463,AWS,zachgardner,,0,0,0,0,0,0,0,0,0,523
464,AWS,triggan,27.0,0,2,0,0,1,3,2,3,0,596
465,AWS,YangFei1990,,0,0,0,0,0,0,0,0,0,596
466,AWS,pidajay,,0,0,0,0,0,0,0,0,0,596
467,AWS,cc4i,,0,0,0,0,0,0,0,0,0,596
468,AWS,ILAsoft,3.0,0,3,0,0,0,3,3,3,0,62
469,AWS,guyilin-amazon,,0,0,0,0,0,0,0,0,0,62
470,AWS,butleragrant,,0,0,0,0,0,0,0,0,0,62
471,AWS,amzn-paunort,,0,0,0,0,0,0,0,0,0,62
472,AWS,allimn,,0,0,0,0,0,0,0,0,0,62
473,AWS,byronlin13,1.0,0,2,0,0,2,4,2,4,0,0
474,AWS,justing-bq,,0,0,0,0,0,0,0,0,0,0
475,AWS,simonz-bq,,0,0,0,0,0,0,0,0,0,0
476,AWS,yohanmartin,,0,0,0,0,0,0,0,0,0,0
477,AWS,saumehta9,,0,0,0,0,0,0,0,0,0,0
478,AWS,othonrsanchez,,0,0,0,0,0,0,0,0,0,0
479,AWS,danieledwardknudsen,,0,0,0,0,0,0,0,0,0,0
480,AWS,sudhig,,0,0,0,0,0,0,0,0,0,0
481,AWS,gadams999,8.0,0,1,0,0,0,1,1,1,0,0
482,AWS,jamesbland123,2.0,0,88,0,0,0,88,88,88,0,769
483,AWS,balldarrens,0.0,0,2,0,0,0,2,2,2,0,0
484,AWS,gizzigg,,0,0,0,0,0,0,0,0,0,0
485,AWS,alexw91,,0,0,0,0,0,0,0,0,0,0
486,AWS,bbutch,,0,0,0,0,0,0,0,0,0,0
487,AWS,andrewhop,,0,0,0,0,0,0,0,0,0,0
488,AWS,smrmkt,10.0,0,2,0,0,0,2,2,2,0,414
489,AWS,obayk,0.0,0,1,0,0,0,1,1,1,0,0
490,AWS,bosquu,2.0,0,3,0,0,0,3,3,3,0,18
491,AWS,mkriaf,1.0,0,9,0,0,0,9,9,9,0,340
492,AWS,kkvinjam,3.0,0,1,0,0,1,2,1,2,0,83
493,AWS,jerwallace,36.0,0,3,0,0,0,3,3,3,0,568
494,AWS,mm318,,0,0,0,0,0,0,0,0,0,568
495,AWS,AAlon,37.0,0,1,0,0,0,1,1,1,0,0
496,AWS,squidbot,1.0,0,1,0,0,0,1,1,1,0,0
497,AWS,willyg302,,0,0,0,0,0,0,0,0,0,0
498,AWS,wqfan,11.0,0,1,0,0,0,1,1,1,0,0
499,AWS,valerena,,0,0,0,0,0,0,0,0,0,0
500,AWS,PatrickXYS,42.0,0,1,0,0,0,1,1,1,0,0
501,AWS,aws-kf-ci-bot,,0,0,0,0,0,0,0,0,0,0
502,AWS,kpulavarti,,0,0,0,0,0,0,0,0,0,0
503,AWS,zhonghui12,,0,0,0,0,0,0,0,0,0,0
504,AWS,hossain-rayhan,93.0,0,1,0,0,0,1,1,1,0,0
505,AWS,alexfrosa,3.0,0,3,0,0,0,3,3,3,0,434
506,AWS,AndersAsa,,0,0,0,0,0,0,0,0,0,434
507,AWS,massi-ang,8.0,0,1,0,0,0,1,1,1,0,0
508,AWS,JoeShi,28.0,0,9,0,0,0,9,9,9,0,645
509,AWS,eamonnfaherty,24.0,0,8,0,0,2,10,8,10,0,751
510,AWS,mckayjuk,,0,0,0,0,0,0,0,0,0,751
511,AWS,ritesh,,0,0,0,0,0,0,0,0,0,751
512,AWS,ConnorKirk,20.0,0,2,0,0,0,2,2,2,0,64
513,AWS,jonrau-at-aws,,0,0,0,0,0,0,0,0,0,64
514,AWS,mithun008,3.0,0,1,0,0,0,1,1,1,0,0
515,AWS,ccharro,,0,0,0,0,0,0,0,0,0,0
516,AWS,izaytsev,0.0,0,1,0,0,0,1,1,1,0,0
517,AWS,zhizhongk,,0,0,0,0,0,0,0,0,0,0
518,AWS,sachgo,0.0,0,9,0,0,2,11,9,11,0,164
519,AWS,rajpathi,,0,0,0,0,0,0,0,0,0,164
520,AWS,jkkorpi,,0,0,0,0,0,0,0,0,0,164
521,AWS,apekshajain,,0,0,0,0,0,0,0,0,0,164
522,AWS,smswz,,0,0,0,0,0,0,0,0,0,164
523,AWS,texastony,,0,0,0,0,0,0,0,0,0,164
524,AWS,josecorella,,0,0,0,0,0,0,0,0,0,164
525,AWS,lavaleri,,0,0,0,0,0,0,0,0,0,164
526,AWS,MatthewBennington,,0,0,0,0,0,0,0,0,0,164
527,AWS,scottarc,,0,0,0,0,0,0,0,0,0,164
528,AWS,ragona,,0,0,0,0,0,0,0,0,0,164
529,AWS,ajw-aws,,0,0,0,0,0,0,0,0,0,164
530,AWS,melodyyangaws,2.0,0,2,0,0,0,2,2,2,0,152
531,AWS,kendrexs,0.0,0,1,0,0,0,1,1,1,0,0
532,AWS,aurghob33,,0,0,0,0,0,0,0,0,0,0
533,AWS,anubhavynr,0.0,0,3,0,0,3,6,3,6,0,679
534,AWS,idomic,9.0,0,1,0,0,0,1,1,1,0,0
535,AWS,alpian,,0,0,0,0,0,0,0,0,0,0
536,AWS,alpamayo8848,,0,0,0,0,0,0,0,0,0,0
537,AWS,ilyabezdelev,,0,0,0,0,0,0,0,0,0,0
538,AWS,mrinaudo-aws,,0,0,0,0,0,0,0,0,0,0
539,AWS,JeremyJonas,5.0,0,1,0,0,0,1,1,1,0,0
540,AWS,teuteuguy,21.0,0,0,0,0,1,1,0,1,0,0
541,AWS,tstachlewski,22.0,0,1,0,0,1,2,1,2,0,98
542,AWS,navbalaraman,,0,0,0,0,0,0,0,0,0,98
543,AWS,ckamps,20.0,0,19,0,0,3,22,19,22,0,545
544,AWS,lalwanin2020,8.0,0,1,0,0,0,1,1,1,0,0
545,AWS,deki,36.0,0,2,0,0,0,2,2,2,0,98
546,AWS,nirozeri,1.0,0,4,0,0,1,5,4,5,0,79
547,AWS,sankeyraut,4.0,0,1,0,0,0,1,1,1,0,0
548,AWS,oranie-nrt,,0,0,0,0,0,0,0,0,0,0
549,AWS,mrahimi991,0.0,0,4,0,0,0,4,4,4,0,378
550,AWS,studio3104,43.0,0,2,0,0,0,2,2,2,0,344
551,AWS,dave-moser,3.0,0,0,0,0,2,2,0,2,0,344
552,AWS,jimini55,2.0,0,3,0,0,0,3,3,3,0,0
553,AWS,sudhirjena,,0,0,0,0,0,0,0,0,0,0
554,AWS,pmankad96,1.0,0,3,0,0,0,3,3,3,0,417
555,AWS,pgjaiganesh,0.0,0,1,0,0,0,1,1,1,0,0
556,AWS,Eric-Warehime,2.0,0,1,0,0,0,1,1,1,0,0
557,AWS,amittal-amazon,,0,0,0,0,0,0,0,0,0,0
558,AWS,jasonumiker,72.0,0,2,0,0,0,2,2,2,0,5
559,AWS,phmagic,12.0,0,1,0,0,0,1,1,1,0,0
560,AWS,ariscris,,0,0,0,0,0,0,0,0,0,0
561,AWS,melchii,,0,0,0,0,0,0,0,0,0,0
562,AWS,dblock,1053.0,0,6,0,0,0,6,6,6,0,34
563,AWS,noahschwartz,,0,0,0,0,0,0,0,0,0,34
564,AWS,stefannatu,14.0,0,9,0,0,0,9,9,9,0,84
565,AWS,shivaramani,4.0,0,7,0,0,0,7,7,7,0,351
566,AWS,oweeen,,0,0,0,0,0,0,0,0,0,351
567,AWS,kareali,,0,0,0,0,0,0,0,0,0,351
568,AWS,MiaoZhangAWS,,0,0,0,0,0,0,0,0,0,351
569,AWS,matthewpaul,,0,0,0,0,0,0,0,0,0,351
570,AWS,HarshGandhi-AWS,0.0,0,1,0,0,0,1,1,1,0,0
571,AWS,DavidOgunsAWS,0.0,0,2,0,0,0,2,2,2,0,42
572,AWS,tgpadua,,0,0,0,0,0,0,0,0,0,42
573,AWS,jbesw,256.0,0,179,0,0,7,186,179,186,0,735
574,AWS,julianwood,15.0,0,7,0,0,1,8,7,8,0,406
575,AWS,gabrielmartinigit,40.0,0,1,0,0,0,1,1,1,0,0
576,AWS,mzliang-annie,1.0,0,1,0,0,0,1,1,1,0,0
577,AWS,surerahu,2.0,0,2,0,0,0,2,2,2,0,170
578,AWS,itharavi,20.0,0,15,0,0,0,15,15,15,0,219
579,AWS,ludvn,,0,0,0,0,0,0,0,0,0,219
580,AWS,JauntyWard,11.0,0,3,0,0,0,3,3,3,0,0
581,AWS,changzcc,0.0,0,3,0,0,0,3,3,3,0,249
582,AWS,shimeez,4.0,0,1,0,0,0,1,1,1,0,0
583,AWS,basinr,,0,0,0,0,0,0,0,0,0,0
584,AWS,tlindsay42,77.0,0,1,0,0,0,1,1,1,0,0
585,AWS,kolomied,13.0,0,3,0,0,0,3,3,3,0,12
586,AWS,uttarasridhar,,0,0,0,0,0,0,0,0,0,12
587,AWS,edujanicas,,0,0,0,0,0,0,0,0,0,12
588,AWS,JgSeike,9.0,0,2,0,0,0,2,2,2,0,0
589,AWS,joaoarag,3.0,0,3,0,0,0,3,3,3,0,0
590,AWS,humank,116.0,0,1,0,0,0,1,1,1,0,0
591,AWS,BalaRavilla,3.0,0,1,0,0,0,1,1,1,0,0
592,AWS,Till--H,5.0,0,1,0,0,0,1,1,1,0,0
593,AWS,cakepietoast,20.0,0,0,0,0,1,1,0,1,0,0
594,AWS,billsnyder,0.0,0,6,0,0,0,6,6,6,0,646
595,AWS,sujie2000,,0,0,0,0,0,0,0,0,0,646
596,AWS,csantos,,0,0,0,0,0,0,0,0,0,646
597,AWS,singledigit,205.0,0,18,0,0,1,19,18,19,0,583
598,AWS,elangovana,9.0,0,2,0,0,0,2,2,2,0,410
599,AWS,DanielYEHsieh,,0,0,0,0,0,0,0,0,0,410
600,AWS,switch180,9.0,0,22,0,0,0,22,22,22,0,600
601,AWS,ctindel,,0,0,0,0,0,0,0,0,0,600
602,AWS,danielsyoder,4.0,0,2,0,0,0,2,2,2,0,53
603,AWS,smsilb,5.0,0,2,0,0,0,2,2,2,0,265
604,AWS,alaniyonu,,0,0,0,0,0,0,0,0,0,265
605,AWS,wingamajig,0.0,0,1,0,0,0,1,1,1,0,0
606,AWS,ruslanafr,0.0,0,1,0,0,0,1,1,1,0,0
607,AWS,mkhansenbot,,0,0,0,0,0,0,0,0,0,0
608,AWS,katakuji,,0,0,0,0,0,0,0,0,0,0
609,AWS,gibbster,9.0,0,1,0,0,0,1,1,1,0,0
610,AWS,NRauschmayr,,0,0,0,0,0,0,0,0,0,0
611,AWS,srchase,,0,0,0,0,0,0,0,0,0,0
612,AWS,w601sxs,9.0,0,1,0,0,0,1,1,1,0,0
613,AWS,osteffmann,4.0,0,6,0,0,1,7,6,7,0,250
614,AWS,jeromevdl,62.0,0,1,0,0,0,1,1,1,0,0
615,AWS,brianz,38.0,0,1,0,0,0,1,1,1,0,0
616,AWS,billdoors,4.0,0,5,0,0,0,5,5,5,0,257
617,AWS,cemsaz,77.0,0,2,0,0,2,4,2,4,0,416
618,AWS,bwerness,19.0,0,2,0,0,0,2,2,2,0,123
619,AWS,shuiwan,,0,0,0,0,0,0,0,0,0,123
620,AWS,bvitali,2.0,0,1,0,0,1,2,1,2,0,6
621,AWS,samruthr,,0,0,0,0,0,0,0,0,0,6
622,AWS,ywang103,1.0,0,13,0,0,0,13,13,13,0,335
623,AWS,juhoaws,3.0,0,4,0,0,1,5,4,5,0,370
624,AWS,EmmanuelTsouris,,0,0,0,0,0,0,0,0,0,370
625,AWS,austoonz,27.0,0,2,0,0,0,2,2,2,0,29
626,AWS,tpaulus,19.0,0,4,0,0,0,4,4,4,0,125
627,AWS,cornickj,5.0,0,11,0,0,1,12,11,12,0,622
628,AWS,farside5,,0,0,0,0,0,0,0,0,0,622
629,AWS,eidelmanjonathan,0.0,0,0,0,0,3,3,0,3,0,622
630,AWS,davelemons,1.0,0,1,0,0,0,1,1,1,0,0
631,AWS,Ryanjlowe,12.0,0,1,0,0,0,1,1,1,0,0
632,AWS,jbernalvallejo,10.0,0,2,0,0,1,3,2,3,0,242
633,AWS,bcelenza,27.0,0,1,0,0,0,1,1,1,0,0
634,AWS,syrinx05p,0.0,0,1,0,0,0,1,1,1,0,0
635,AWS,sjaffry,5.0,0,1,0,0,0,1,1,1,0,0
636,AWS,dchenbec,,0,0,0,0,0,0,0,0,0,0
637,AWS,bahavar,,0,0,0,0,0,0,0,0,0,0
638,AWS,haozhouamzn,0.0,0,1,0,0,0,1,1,1,0,0
639,AWS,mikames,9.0,0,1,0,0,0,1,1,1,0,0
640,AWS,katallaxie,,0,0,0,0,0,0,0,0,0,0
641,AWS,verdimrc,21.0,0,8,0,0,0,8,8,8,0,132
642,AWS,RaleighSF,4.0,0,7,0,0,0,7,7,7,0,336
643,AWS,MyannaHarris,,0,0,0,0,0,0,0,0,0,336
644,AWS,rohkat-aws,,0,0,0,0,0,0,0,0,0,336
645,AWS,matlaver,,0,0,0,0,0,0,0,0,0,336
646,AWS,nvaidya1,7.0,0,4,0,0,6,10,4,10,0,453
647,AWS,virgilvox,,0,0,0,0,0,0,0,0,0,453
648,AWS,disa6302,16.0,0,6,0,0,0,6,6,6,0,416
649,AWS,hassanctech,,0,0,0,0,0,0,0,0,0,416
650,AWS,jdelapla,,0,0,0,0,0,0,0,0,0,416
651,AWS,MushMal,13.0,0,1,0,0,0,1,1,1,0,0
652,AWS,lherman-cs,54.0,0,2,0,0,1,3,2,3,0,51
653,AWS,yinsong1986,6.0,0,1,0,0,0,1,1,1,0,0
654,AWS,loctrin,,0,0,0,0,0,0,0,0,0,0
655,AWS,mirelap-amazon,8.0,0,2,0,0,0,2,2,2,0,216
656,AWS,gimki,,0,0,0,0,0,0,0,0,0,216
657,AWS,ivoanjo,65.0,0,1,0,0,2,3,1,3,0,68
658,AWS,olivergillespie,,0,0,0,0,0,0,0,0,0,68
659,AWS,jamesoff,48.0,0,1,0,0,0,1,1,1,0,0
660,AWS,virtlima,10.0,0,3,0,0,0,3,3,3,0,385
661,AWS,lechmigdal,0.0,0,17,0,0,0,17,17,17,0,367
662,AWS,omrahmed,1.0,0,9,0,0,0,9,9,9,0,158
663,AWS,andysun2015,0.0,0,1,0,0,0,1,1,1,0,0
664,AWS,anuranduttaroy,7.0,0,1,0,0,0,1,1,1,0,0
665,AWS,codeslinger,66.0,0,4,0,0,0,4,4,4,0,277
666,AWS,michaelmoussa,56.0,0,1,0,0,0,1,1,1,0,0
667,AWS,zorrofox,12.0,0,1,0,0,0,1,1,1,0,0
668,AWS,ganipcanot,,0,0,0,0,0,0,0,0,0,0
669,AWS,Joycehao19,,0,0,0,0,0,0,0,0,0,0
670,AWS,arhea,38.0,0,8,0,0,4,12,8,12,0,202
671,AWS,rniksch,4.0,0,1,0,0,1,2,1,2,0,0
672,AWS,Brian969,12.0,0,23,0,0,4,27,23,27,0,445
673,AWS,hickeydh-aws,0.0,0,1,0,0,0,1,1,1,0,0
674,AWS,rjjaegeraws,,0,0,0,0,0,0,0,0,0,0
675,AWS,archikierstead,,0,0,0,0,0,0,0,0,0,0
676,AWS,dliggat,,0,0,0,0,0,0,0,0,0,0
677,AWS,nachundu-amzn,,0,0,0,0,0,0,0,0,0,0
678,AWS,supergillis,,0,0,0,0,0,0,0,0,0,0
679,AWS,l2yao,,0,0,0,0,0,0,0,0,0,0
680,AWS,manishri-amzn,,0,0,0,0,0,0,0,0,0,0
681,AWS,FireballDWF,,0,0,0,0,0,0,0,0,0,0
682,AWS,fmcmac,,0,0,0,0,0,0,0,0,0,0
683,AWS,0xjjoyy,1.0,0,5,0,0,0,5,5,5,0,506
684,AWS,lazydragon,6.0,0,2,0,0,0,2,2,2,0,44
685,AWS,achris,5.0,0,2,0,0,0,2,2,2,0,6
686,AWS,ltrung,7.0,0,7,0,0,1,8,7,8,0,278
687,AWS,michhyun1,4.0,0,4,0,0,0,4,4,4,0,250
688,AWS,ziyiz-amzn,3.0,0,6,0,0,0,6,6,6,0,554
689,AWS,simmkyu,2.0,0,3,0,0,1,4,3,4,0,448
690,AWS,jing-chen1,,0,0,0,0,0,0,0,0,0,448
691,AWS,asnyatkov,,0,0,0,0,0,0,0,0,0,448
692,AWS,devalevenkatesh,4.0,0,4,0,0,2,6,4,6,0,424
693,AWS,RidipDe,5.0,0,1,0,0,0,1,1,1,0,0
694,AWS,p-foucht,5.0,0,1,0,0,0,1,1,1,0,0
695,AWS,fabianmartins,,0,0,0,0,0,0,0,0,0,0
696,AWS,williams-katie,,0,0,0,0,0,0,0,0,0,0
697,AWS,n-mcf,,0,0,0,0,0,0,0,0,0,0
698,AWS,BastLeblanc,6.0,0,2,0,0,1,3,2,3,0,504
699,AWS,manbearshark,3.0,0,1,0,0,1,2,1,2,0,418
700,AWS,alexchirayath,0.0,0,1,0,0,1,2,1,2,0,52
701,AWS,wongws,,0,0,0,0,0,0,0,0,0,52
702,AWS,dasmalini,,0,0,0,0,0,0,0,0,0,52
703,AWS,iannparker,,0,0,0,0,0,0,0,0,0,52
704,AWS,CFKevinRef,,0,0,0,0,0,0,0,0,0,52
705,AWS,ryanecrist,,0,0,0,0,0,0,0,0,0,52
706,AWS,bclymer,,0,0,0,0,0,0,0,0,0,52
707,AWS,tonyjin,11.0,0,1,0,0,0,1,1,1,0,0
708,AWS,kazbaig,,0,0,0,0,0,0,0,0,0,0
709,AWS,ShivaniMehendarge,,0,0,0,0,0,0,0,0,0,0
710,AWS,rzhang74,,0,0,0,0,0,0,0,0,0,0
711,AWS,hokyungh,3.0,0,1,0,0,3,4,1,4,0,3
712,AWS,zhinang-amazon,,0,0,0,0,0,0,0,0,0,3
713,AWS,dylonChime,,0,0,0,0,0,0,0,0,0,3
714,AWS,linsang21,,0,0,0,0,0,0,0,0,0,3
715,AWS,saidababu,0.0,0,1,0,0,0,1,1,1,0,0
716,AWS,mhattiga,,0,0,0,0,0,0,0,0,0,0
717,AWS,yuxiny2586,,0,0,0,0,0,0,0,0,0,0
718,AWS,neer300,,0,0,0,0,0,0,0,0,0,0
719,AWS,johnBartos,,0,0,0,0,0,0,0,0,0,0
720,AWS,triha74,4.0,0,1,0,0,0,1,1,1,0,0
721,AWS,andreivmaksimov,,0,0,0,0,0,0,0,0,0,0
722,AWS,afalzonelab,0.0,0,1,0,0,0,1,1,1,0,0
723,AWS,aws-tec,,0,0,0,0,0,0,0,0,0,0
724,AWS,rcchakr,1.0,0,3,0,0,0,3,3,3,0,0
725,AWS,aws-mafederi,,0,0,0,0,0,0,0,0,0,0
726,AWS,vidya-mohan,,0,0,0,0,0,0,0,0,0,0
727,AWS,iizus,0.0,0,1,0,0,0,1,1,1,0,0
728,AWS,ahmedhany,1.0,0,2,0,0,0,2,2,2,0,134
729,AWS,cgravani,,0,0,0,0,0,0,0,0,0,134
730,AWS,AhmedsZamzam,0.0,0,2,0,0,0,2,2,2,0,0
731,AWS,laumcaicedo,,0,0,0,0,0,0,0,0,0,0
732,AWS,kashman-amzn,1.0,0,1,0,0,0,1,1,1,0,0
733,AWS,StevenAskwith,9.0,0,1,0,0,0,1,1,1,0,0
734,AWS,davidfsmith,,0,0,0,0,0,0,0,0,0,0
735,AWS,amit0701,2.0,0,3,0,0,0,3,3,3,0,249
736,AWS,boringgeek,13.0,0,2,0,0,0,2,2,2,0,0
737,AWS,saeedaghabozorgi,,0,0,0,0,0,0,0,0,0,0
738,AWS,markusz,,0,0,0,0,0,0,0,0,0,0
739,AWS,runpiw,,0,0,0,0,0,0,0,0,0,0
740,AWS,jkerste,1.0,0,1,0,0,0,1,1,1,0,0
741,AWS,cjkindel,,0,0,0,0,0,0,0,0,0,0
742,AWS,giordzaws,,0,0,0,0,0,0,0,0,0,0
743,AWS,martinschaef,,0,0,0,0,0,0,0,0,0,0
744,AWS,sahilsareen,37.0,0,1,0,0,0,1,1,1,0,0
745,AWS,mohsanjaffery,5.0,0,1,0,0,0,1,1,1,0,0
746,AWS,jcriswell,7.0,0,2,0,0,0,2,2,2,0,14
747,AWS,floydpink,90.0,0,1,0,0,0,1,1,1,0,0
748,AWS,rafaelgsr,1.0,0,1,0,0,0,1,1,1,0,0
749,AWS,horsfieldsa,,0,0,0,0,0,0,0,0,0,0
750,AWS,awsgrant,0.0,0,2,0,0,0,2,2,2,0,449
751,AWS,redacted-aws,,0,0,0,0,0,0,0,0,0,449
752,AWS,banjyoti,0.0,0,3,0,0,0,3,3,3,0,111
753,AWS,paulu-aws,,0,0,0,0,0,0,0,0,0,111
754,AWS,pnpolcher,,0,0,0,0,0,0,0,0,0,111
755,AWS,laithalsaadoon,,0,0,0,0,0,0,0,0,0,111
756,AWS,djjohnse,,0,0,0,0,0,0,0,0,0,111
757,AWS,bollig,,0,0,0,0,0,0,0,0,0,111
758,AWS,sean-smith,64.0,0,18,0,0,1,19,18,19,0,510
759,AWS,amitmukh,2.0,0,1,0,0,0,1,1,1,0,0
760,AWS,dchristian3188,,0,0,0,0,0,0,0,0,0,0
761,AWS,cbmcpeek,1.0,0,1,0,0,0,1,1,1,0,0
762,AWS,yanivbos,1.0,0,53,0,0,0,53,53,53,0,398
763,AWS,phillisf,2.0,0,1,0,0,1,2,1,2,0,69
764,AWS,himantanna,,0,0,0,0,0,0,0,0,0,69
765,AWS,ivallhon,6.0,0,2,0,0,0,2,2,2,0,131
766,AWS,tomfaulhaber,123.0,0,1,0,0,0,1,1,1,0,0
767,AWS,nainkunal933,,0,0,0,0,0,0,0,0,0,0
768,AWS,nicklera1,,0,0,0,0,0,0,0,0,0,0
769,AWS,jayrao,3.0,0,2,0,0,0,2,2,2,0,45
770,AWS,awserik,5.0,0,1,0,0,0,1,1,1,0,0
771,AWS,kalawat1985,,0,0,0,0,0,0,0,0,0,0
772,AWS,kafka399,50.0,0,2,0,0,0,2,2,2,0,140
773,AWS,tmcallaghan,43.0,0,5,0,0,0,5,5,5,0,145
774,AWS,meet-bhagdev,45.0,0,4,0,0,0,4,4,4,0,107
775,AWS,michaelraney,3.0,0,4,0,0,0,4,4,4,0,467
776,AWS,lusoal,44.0,0,1,0,0,0,1,1,1,0,0
777,AWS,kohidave,51.0,0,6,0,0,0,6,6,6,0,308
778,AWS,AlcEccentric,,0,0,0,0,0,0,0,0,0,308
779,AWS,ChihaoSun123,,0,0,0,0,0,0,0,0,0,308
780,AWS,aamarnath2,,0,0,0,0,0,0,0,0,0,308
781,AWS,pokearu,,0,0,0,0,0,0,0,0,0,308
782,AWS,brightsparc,44.0,0,9,0,0,0,9,9,9,0,304
783,AWS,ajkeane-aws,0.0,0,1,0,0,0,1,1,1,0,0
784,AWS,jimhuangh,0.0,0,4,0,0,0,4,4,4,0,64
785,AWS,mmatouk,3.0,0,3,0,0,0,3,3,3,0,281
786,AWS,dleen,,0,0,0,0,0,0,0,0,0,281
787,AWS,perifaws,1.0,0,4,0,0,2,6,4,6,0,436
788,AWS,mhuguesaws,0.0,0,10,0,0,1,11,10,11,0,365
789,AWS,kraman-aws,0.0,0,1,0,0,0,1,1,1,0,0
790,AWS,saitmiki,,0,0,0,0,0,0,0,0,0,0
791,AWS,flo-mair,,0,0,0,0,0,0,0,0,0,0
792,AWS,couchgott,4.0,0,10,0,0,0,10,10,10,0,279
793,AWS,BenChaimberg,,0,0,0,0,0,0,0,0,0,279
794,AWS,noyceguy,,0,0,0,0,0,0,0,0,0,279
795,AWS,viyoma,2.0,0,1,0,0,0,1,1,1,0,0
796,AWS,srijitm,4.0,0,1,0,0,0,1,1,1,0,0
797,AWS,rohithcj,,0,0,0,0,0,0,0,0,0,0
798,AWS,llins,,0,0,0,0,0,0,0,0,0,0
799,AWS,linjungz,,0,0,0,0,0,0,0,0,0,0
800,AWS,bklein1,,0,0,0,0,0,0,0,0,0,0
801,AWS,gjoshevski,13.0,0,15,0,0,0,15,15,15,0,444
802,AWS,glesch,,0,0,0,0,0,0,0,0,0,444
803,AWS,konduri,5.0,0,1,0,0,1,2,1,2,0,75
804,AWS,awsimaya,9.0,0,16,0,0,3,19,16,19,0,207
805,AWS,bonclay7,,0,0,0,0,0,0,0,0,0,207
806,AWS,amnevins,22.0,0,1,0,0,0,1,1,1,0,0
807,AWS,vincentcabosart,0.0,0,3,0,0,1,4,3,4,0,110
808,AWS,sameer-goel,4.0,0,2,0,0,0,2,2,2,0,135
809,AWS,sahays,4.0,0,1,0,0,0,1,1,1,0,0
810,AWS,itsaurabh1,6.0,0,1,0,0,0,1,1,1,0,0
811,AWS,slee-aws,1.0,0,56,0,0,0,56,56,56,0,393
812,AWS,mboulin,9.0,0,14,0,0,0,14,14,14,0,190
813,AWS,mariswa,2.0,0,14,0,0,0,14,14,14,0,240
814,AWS,parkand1,1.0,0,21,0,0,1,22,21,22,0,391
815,AWS,regulusv,,0,0,0,0,0,0,0,0,0,391
816,AWS,alcousins,4.0,0,2,0,0,1,3,2,3,0,66
817,AWS,jwilber,,0,0,0,0,0,0,0,0,0,66
818,AWS,andyhopp,,0,0,0,0,0,0,0,0,0,66
819,AWS,JarmanHauserAWS,,0,0,0,0,0,0,0,0,0,66
820,AWS,momonga-ml,3.0,0,0,0,0,1,1,0,1,0,66
821,AWS,aldredb,,0,0,0,0,0,0,0,0,0,66
822,AWS,frbrkoala,,0,0,0,0,0,0,0,0,0,66
823,AWS,jaidisido,32.0,0,2,0,0,0,2,2,2,0,196
824,AWS,vara-bonthu,7.0,0,16,0,0,2,18,16,18,0,255
825,AWS,bishesh16,,0,0,0,0,0,0,0,0,0,255
826,AWS,HQarroum,,0,0,0,0,0,0,0,0,0,255
827,AWS,codingspirit,,0,0,0,0,0,0,0,0,0,255
828,AWS,santiagocardenas,46.0,0,10,0,0,0,10,10,10,0,301
829,AWS,xuesichao,3.0,0,1,0,0,0,1,1,1,0,0
830,AWS,evisb,,0,0,0,0,0,0,0,0,0,0
831,AWS,onsankawai,0.0,0,1,0,0,0,1,1,1,0,0
832,AWS,daixba,1.0,0,1,0,0,0,1,1,1,0,0
833,AWS,glennm1801,0.0,0,1,0,0,0,1,1,1,0,0
834,AWS,andywick-aws,1.0,0,13,0,0,2,15,13,15,0,416
835,AWS,pablods90,0.0,0,4,0,0,0,4,4,4,0,273
836,AWS,marciogmorales,2.0,0,9,0,0,0,9,9,9,0,23
837,AWS,tianyux-amz,3.0,0,1,0,0,0,1,1,1,0,0
838,AWS,kaaaren,0.0,0,1,0,0,0,1,1,1,0,0
839,AWS,giuseppeporcelli,35.0,0,1,0,0,0,1,1,1,0,0
840,AWS,megahf,3.0,0,2,0,0,0,2,2,2,0,115
841,AWS,jaknn,1.0,0,3,0,0,0,3,3,3,0,75
842,AWS,frc9,1.0,0,2,0,0,0,2,2,2,0,6
843,AWS,marinehadd,1.0,0,1,0,0,0,1,1,1,0,0
844,AWS,usumfabricae,6.0,0,1,0,0,0,1,1,1,0,0
845,AWS,annaluo676,10.0,0,1,0,0,0,1,1,1,0,0
846,AWS,jonomon,34.0,0,2,0,0,0,2,2,2,0,67
847,AWS,esplo,9.0,0,13,0,0,1,14,13,14,0,362
848,AWS,purnesh,30.0,0,2,0,0,0,2,2,2,0,0
849,AWS,mreferre,117.0,0,31,0,0,5,36,31,36,0,455
850,AWS,SimonePomata,5.0,0,2,0,0,0,2,2,2,0,80
851,AWS,pankajagrawal16,7.0,0,1,0,0,0,1,1,1,0,0
852,AWS,sdmurphy-aws,,0,0,0,0,0,0,0,0,0,0
853,AWS,kwonyulchoi,8.0,0,7,0,0,0,7,7,7,0,174
854,AWS,jakemraz,3.0,0,1,0,0,0,1,1,1,0,0
855,AWS,abrenaut,,0,0,0,0,0,0,0,0,0,0
856,AWS,therealawsjoe,,0,0,0,0,0,0,0,0,0,0
857,AWS,wchaws,,0,0,0,0,0,0,0,0,0,0
858,AWS,logeshthedev,,0,0,0,0,0,0,0,0,0,0
859,AWS,niklongstone,24.0,0,1,0,0,0,1,1,1,0,0
860,AWS,eugenemu,4.0,0,49,0,0,2,51,49,51,0,240
861,AWS,surukonda,,0,0,0,0,0,0,0,0,0,240
862,AWS,avali-aws,,0,0,0,0,0,0,0,0,0,240
863,AWS,rickcao-aws,,0,0,0,0,0,0,0,0,0,240
864,AWS,abest0,9.0,0,1,0,0,2,3,1,3,0,95
865,AWS,pavankumar2203,16.0,0,3,0,0,0,3,3,3,0,244
866,AWS,andres-lindo,0.0,0,1,0,0,0,1,1,1,0,0
867,AWS,ulili5,6.0,0,2,0,0,0,2,2,2,0,0
868,AWS,neville-lewis,,0,0,0,0,0,0,0,0,0,0
869,AWS,AlexanderRichey,,0,0,0,0,0,0,0,0,0,0
870,AWS,sheldonlsides,,0,0,0,0,0,0,0,0,0,0
871,AWS,rafaelwmartins,6.0,0,1,0,0,0,1,1,1,0,0
872,AWS,makvac-aws,,0,0,0,0,0,0,0,0,0,0
873,AWS,vasveena,,0,0,0,0,0,0,0,0,0,0
874,AWS,charliejllewellyn,,0,0,0,0,0,0,0,0,0,0
875,AWS,nakajiak,3.0,0,12,0,0,1,13,12,13,0,356
876,AWS,nicolaven,1.0,0,1,0,0,0,1,1,1,0,0
877,AWS,sanbrar,,0,0,0,0,0,0,0,0,0,0
878,AWS,guming3d,2.0,0,1,0,0,0,1,1,1,0,0
879,AWS,Tessot,,0,0,0,0,0,0,0,0,0,0
880,AWS,suguiura-aws,0.0,0,1,0,0,0,1,1,1,0,0
881,AWS,knizami,1.0,0,1,0,0,0,1,1,1,0,0
882,AWS,bgiorgini,,0,0,0,0,0,0,0,0,0,0
883,AWS,kandha,,0,0,0,0,0,0,0,0,0,0
884,AWS,moagaber,0.0,0,1,0,0,0,1,1,1,0,0
885,AWS,ibuchh,5.0,0,9,0,0,0,9,9,9,0,246
886,AWS,flochaz,10.0,0,9,0,0,1,10,9,10,0,242
887,AWS,AlexPinhel,2.0,0,0,0,0,1,1,0,1,0,242
888,AWS,ijemmy,,0,0,0,0,0,0,0,0,0,242
889,AWS,asenousy,,0,0,0,0,0,0,0,0,0,242
890,AWS,bnurzhanov,,0,0,0,0,0,0,0,0,0,242
891,AWS,joshbean,37.0,0,2,0,0,0,2,2,2,0,37
892,AWS,dbrown-git,0.0,0,4,0,0,0,4,4,4,0,113
893,AWS,DrGranit,8.0,0,1,0,0,0,1,1,1,0,0
894,AWS,forhead,,0,0,0,0,0,0,0,0,0,0
895,AWS,ndreasg,0.0,0,1,0,0,0,1,1,1,0,0
896,AWS,sunbc0120,,0,0,0,0,0,0,0,0,0,0
897,AWS,awsandy,7.0,0,3,0,0,2,5,3,5,0,360
898,AWS,eitansela,15.0,0,11,0,0,0,11,11,11,0,331
899,AWS,annalyzin,,0,0,0,0,0,0,0,0,0,331
900,AWS,sgulbetekin,,0,0,0,0,0,0,0,0,0,331
901,AWS,clarchoiaws,,0,0,0,0,0,0,0,0,0,331
902,AWS,deepsihag,,0,0,0,0,0,0,0,0,0,331
903,AWS,brymrsh,1.0,0,1,0,0,0,1,1,1,0,0
904,AWS,Othmane796,,0,0,0,0,0,0,0,0,0,0
905,AWS,vgribok,,0,0,0,0,0,0,0,0,0,0
906,AWS,dreamorosi,28.0,0,2,0,0,0,2,2,2,0,16
907,AWS,sempfa,,0,0,0,0,0,0,0,0,0,16
908,AWS,mojodna,535.0,0,22,0,0,1,23,22,23,0,323
909,AWS,CesarJava,,0,0,0,0,0,0,0,0,0,323
910,AWS,SuryaKari,3.0,0,6,0,0,0,6,6,6,0,191
911,AWS,rafavallina,14.0,0,8,0,0,0,8,8,8,0,244
912,AWS,JiahuiTao,8.0,0,1,0,0,0,1,1,1,0,0
913,AWS,StevePotter,22.0,0,1,0,0,0,1,1,1,0,0
914,AWS,abhivr-amazon,,0,0,0,0,0,0,0,0,0,0
915,AWS,awishn02,,0,0,0,0,0,0,0,0,0,0
916,AWS,brunormsilveira,1.0,0,2,0,0,0,2,2,2,0,0
917,AWS,ranjith-aws,,0,0,0,0,0,0,0,0,0,0
918,AWS,tobuck-aws,3.0,0,0,0,0,1,1,0,1,0,0
919,AWS,flamingofugang,13.0,0,2,0,0,0,2,2,2,0,5
920,AWS,garzoand,,0,0,0,0,0,0,0,0,0,5
921,AWS,ycyang1229,,0,0,0,0,0,0,0,0,0,5
922,AWS,dast1,2.0,0,1,0,0,0,1,1,1,0,0
923,AWS,claick-oliveira,42.0,0,1,0,0,0,1,1,1,0,0
924,AWS,SofianHamiti,,0,0,0,0,0,0,0,0,0,0
925,AWS,ViktorMalesevic,24.0,0,1,0,0,0,1,1,1,0,0
926,AWS,vitodegiosa,,0,0,0,0,0,0,0,0,0,0
927,AWS,spitzzz,5.0,0,1,0,0,0,1,1,1,0,0
928,AWS,krithivasan,2.0,0,6,0,0,0,6,6,6,0,230
929,AWS,jsteenblikaws,1.0,0,1,0,0,0,1,1,1,0,0
930,AWS,keithaws,,0,0,0,0,0,0,0,0,0,0
931,AWS,realvz,,0,0,0,0,0,0,0,0,0,0
932,AWS,elamaran11,,0,0,0,0,0,0,0,0,0,0
933,AWS,spmunna,,0,0,0,0,0,0,0,0,0,0
934,AWS,mmaall,1.0,0,1,0,0,0,1,1,1,0,0
935,AWS,casamson,1.0,0,1,0,0,0,1,1,1,0,0
936,AWS,pmhargis-aws,4.0,0,8,0,0,0,8,8,8,0,322
937,AWS,fnapolitano73,,0,0,0,0,0,0,0,0,0,322
938,AWS,hi4rahul,,0,0,0,0,0,0,0,0,0,322
939,AWS,virginiachu,,0,0,0,0,0,0,0,0,0,322
940,AWS,twitu,,0,0,0,0,0,0,0,0,0,322
941,AWS,dzeno,,0,0,0,0,0,0,0,0,0,322
942,AWS,rickybasse,,0,0,0,0,0,0,0,0,0,322
943,AWS,scottrfrancis,,0,0,0,0,0,0,0,0,0,322
944,AWS,asvand,16.0,0,11,0,0,0,11,11,11,0,303
945,AWS,morrsing,,0,0,0,0,0,0,0,0,0,303
946,AWS,aharontwizer,1.0,0,8,0,0,0,8,8,8,0,156
947,AWS,dashjim,,0,0,0,0,0,0,0,0,0,156
948,AWS,zhnc9,,0,0,0,0,0,0,0,0,0,156
949,AWS,lderryck,,0,0,0,0,0,0,0,0,0,156
950,AWS,malfree,,0,0,0,0,0,0,0,0,0,156
951,AWS,somujay,1.0,0,1,0,0,0,1,1,1,0,0
952,AWS,pauljrob,1.0,0,1,0,0,0,1,1,1,0,0
953,AWS,mteichtahl,,0,0,0,0,0,0,0,0,0,0
954,AWS,roman-boiko,,0,0,0,0,0,0,0,0,0,0
955,AWS,edwardps,0.0,0,2,0,0,0,2,2,2,0,0
956,AWS,knaresh,,0,0,0,0,0,0,0,0,0,0
957,AWS,aws-kh,,0,0,0,0,0,0,0,0,0,0
958,AWS,rvanderwerf,,0,0,0,0,0,0,0,0,0,0
959,AWS,nikocuneo,,0,0,0,0,0,0,0,0,0,0
960,AWS,martenpayne,0.0,0,1,0,0,0,1,1,1,0,0
961,AWS,bhouse99,2.0,0,13,0,0,0,13,13,13,0,309
962,AWS,kmmahaj,1.0,0,4,0,0,0,4,4,4,0,250
963,AWS,adriaandejonge,,0,0,0,0,0,0,0,0,0,250
964,AWS,mirgj,,0,0,0,0,0,0,0,0,0,250
965,AWS,johnmousa,,0,0,0,0,0,0,0,0,0,250
966,AWS,hoomanium,0.0,0,1,0,0,0,1,1,1,0,0
967,AWS,darken99,2.0,0,9,0,0,4,13,9,13,0,250
968,AWS,megareez,1.0,0,3,0,0,0,3,3,3,0,69
969,AWS,yprikhodko,0.0,0,1,0,0,0,1,1,1,0,0
970,AWS,petrokashlikov,,0,0,0,0,0,0,0,0,0,0
971,AWS,leschan,1.0,0,3,0,0,1,4,3,4,0,0
972,AWS,swapandeep,,0,0,0,0,0,0,0,0,0,0
973,AWS,phiamazon,0.0,0,3,0,0,0,3,3,3,0,53
974,AWS,bizzelicious,,0,0,0,0,0,0,0,0,0,53
975,AWS,rashedtalukder,12.0,0,10,0,0,0,10,10,10,0,265
976,AWS,seanpmorgan,108.0,0,1,0,0,0,1,1,1,0,0
977,AWS,c2tarun,,0,0,0,0,0,0,0,0,0,0
978,AWS,infinitydon,28.0,0,1,0,0,0,1,1,1,0,0
979,AWS,p4cket,2.0,0,2,0,0,0,2,2,2,0,97
980,AWS,newtondigital,2.0,0,4,0,0,0,4,4,4,0,28
981,AWS,silvavb,3.0,0,1,0,0,0,1,1,1,0,0
982,AWS,nsubrahm-aws,0.0,0,2,0,0,0,2,2,2,0,1
983,AWS,jonslo,16.0,0,1,0,0,0,1,1,1,0,0
984,AWS,premranga,4.0,0,1,0,0,0,1,1,1,0,0
985,AWS,michaelhoarau,,0,0,0,0,0,0,0,0,0,0
986,AWS,jwoehrle,7.0,0,1,0,0,0,1,1,1,0,0
987,AWS,mjkubba,0.0,0,2,0,0,0,2,2,2,0,67
988,AWS,kwwendt,,0,0,0,0,0,0,0,0,0,67
989,AWS,raywang1021,,0,0,0,0,0,0,0,0,0,67
990,AWS,hariohmprasath,16.0,0,7,0,0,0,7,7,7,0,111
991,AWS,hhkarimi,,0,0,0,0,0,0,0,0,0,111
992,AWS,timjbruce,3.0,0,1,0,0,0,1,1,1,0,0
993,AWS,josiahdavis,,0,0,0,0,0,0,0,0,0,0
994,AWS,pvbouwel,,0,0,0,0,0,0,0,0,0,0
995,AWS,dancfox,7.0,0,3,0,0,0,3,3,3,0,29
996,AWS,its-mirus-lu,1.0,0,2,0,0,0,2,2,2,0,59
997,AWS,rstrahan,14.0,0,1,0,0,0,1,1,1,0,0
998,AWS,syvanen,,0,0,0,0,0,0,0,0,0,0
999,AWS,vijayansarathy,0.0,0,1,0,0,0,1,1,1,0,0
1000,AWS,JustinCallison,3.0,0,1,0,0,0,1,1,1,0,0
1001,AWS,john-jac,2.0,0,5,0,0,0,5,5,5,0,124
1002,AWS,JoshB29,,0,0,0,0,0,0,0,0,0,124
1003,AWS,rudpot,3.0,0,6,0,0,0,6,6,6,0,27
1004,AWS,prashanttct07,,0,0,0,0,0,0,0,0,0,27
1005,AWS,lordjabez,17.0,0,2,0,0,0,2,2,2,0,55
1006,AWS,luchetto81,,0,0,0,0,0,0,0,0,0,55
1007,AWS,kjacky,,0,0,0,0,0,0,0,0,0,55
1008,AWS,yike5460,,0,0,0,0,0,0,0,0,0,55
1009,AWS,dkheyman,,0,0,0,0,0,0,0,0,0,55
1010,AWS,danieltet,,0,0,0,0,0,0,0,0,0,55
1011,AWS,benscoterbk,,0,0,0,0,0,0,0,0,0,55
1012,AWS,schuettc,9.0,0,4,0,0,0,4,4,4,0,267
1013,AWS,samsanders23,,0,0,0,0,0,0,0,0,0,267
1014,AWS,vikeshpandey,,0,0,0,0,0,0,0,0,0,267
1015,AWS,samir-souza,67.0,0,2,0,0,0,2,2,2,0,56
1016,AWS,mehdiaws,,0,0,0,0,0,0,0,0,0,56
1017,AWS,ryanbrand,,0,0,0,0,0,0,0,0,0,56
1018,AWS,sagulati,0.0,0,4,0,0,0,4,4,4,0,75
1019,AWS,emrnotebooks,0.0,0,14,0,0,1,15,14,15,0,100
1020,AWS,snehab14,0.0,0,1,0,0,0,1,1,1,0,0
1021,AWS,nicosang-aws,,0,0,0,0,0,0,0,0,0,0
1022,AWS,MithilShah,16.0,0,4,0,0,0,4,4,4,0,93
1023,AWS,kcoleman731,38.0,0,1,0,0,0,1,1,1,0,0
1024,AWS,Zvikan,,0,0,0,0,0,0,0,0,0,0
1025,AWS,askulkarni2,16.0,0,2,0,0,0,2,2,2,0,0
1026,AWS,UlaganathanNamachivayam,0.0,0,1,0,0,0,1,1,1,0,0
1027,AWS,automartin5000,3.0,0,2,0,0,0,2,2,2,0,8
1028,AWS,cheefoo,,0,0,0,0,0,0,0,0,0,8
1029,AWS,sushanthmangalore,,0,0,0,0,0,0,0,0,0,8
1030,AWS,paragbhingre,,0,0,0,0,0,0,0,0,0,8
1031,AWS,allisaurus,,0,0,0,0,0,0,0,0,0,8
1032,AWS,michaelhsieh42,,0,0,0,0,0,0,0,0,0,8
1033,AWS,andskli,10.0,0,1,0,0,0,1,1,1,0,0
1034,AWS,pchot,,0,0,0,0,0,0,0,0,0,0
1035,AWS,shahzadhuq,,0,0,0,0,0,0,0,0,0,0
1036,AWS,mbednarzAWS,0.0,0,2,0,0,0,2,2,2,0,5
1037,AWS,valter-silva-au,10.0,0,1,0,0,0,1,1,1,0,0
1038,AWS,murtyc,,0,0,0,0,0,0,0,0,0,0
1039,AWS,LeviSklaroff,,0,0,0,0,0,0,0,0,0,0
1040,AWS,manasisurve,,0,0,0,0,0,0,0,0,0,0
1041,AWS,harshitOberoi,,0,0,0,0,0,0,0,0,0,0
1042,AWS,ldai1,,0,0,0,0,0,0,0,0,0,0
1043,AWS,garyzhon,,0,0,0,0,0,0,0,0,0,0
1044,AWS,dpwspoon,,0,0,0,0,0,0,0,0,0,0
1045,AWS,adam-imeson,,0,0,0,0,0,0,0,0,0,0
1046,AWS,vgkowski,9.0,0,4,0,0,0,4,4,4,0,121
1047,AWS,van-vothanh,,0,0,0,0,0,0,0,0,0,121
1048,AWS,JasperW01,2.0,0,2,0,0,1,3,2,3,0,102
1049,AWS,crabba,,0,0,0,0,0,0,0,0,0,102
1050,AWS,f7o,17.0,0,1,0,0,1,2,1,2,0,45
1051,AWS,weichihl,0.0,0,2,0,0,0,2,2,2,0,21
1052,AWS,awsa2ron,,0,0,0,0,0,0,0,0,0,21
1053,AWS,kukielp,,0,0,0,0,0,0,0,0,0,21
1054,AWS,literalice,33.0,0,1,0,0,0,1,1,1,0,0
1055,AWS,konokenj,0.0,0,1,0,0,0,1,1,1,0,0
1056,AWS,ohmurayu,,0,0,0,0,0,0,0,0,0,0
1057,AWS,nabuskey,1.0,0,2,0,0,0,2,2,2,0,6
1058,AWS,vinayhanumaiah,1.0,0,1,0,0,0,1,1,1,0,0
1059,AWS,isaiahsal,,0,0,0,0,0,0,0,0,0,0
1060,AWS,glyfnet,4.0,0,2,0,0,0,2,2,2,0,2
1061,AWS,t6nn,1.0,0,2,0,0,0,2,2,2,0,9
1062,AWS,maldalx,,0,0,0,0,0,0,0,0,0,9
1063,AWS,be-meyer,,0,0,0,0,0,0,0,0,0,9
1064,AWS,clinmatt,,0,0,0,0,0,0,0,0,0,9
1065,AWS,gjohnson,,0,0,0,0,0,0,0,0,0,9
1066,AWS,adhorn,,0,0,0,0,0,0,0,0,0,9
1067,AWS,kaizio,,0,0,0,0,0,0,0,0,0,9
1068,AWS,yiangmeng,,0,0,0,0,0,0,0,0,0,9
1069,AWS,ferngus,,0,0,0,0,0,0,0,0,0,9
1070,AWS,athewsey,8.0,0,6,0,0,0,6,6,6,0,187
1071,AWS,mznzhi,,0,0,0,0,0,0,0,0,0,187
1072,AWS,hasanp87,3.0,0,1,0,0,0,1,1,1,0,0
1073,AWS,jeffsec-aws,2.0,0,1,0,0,0,1,1,1,0,0
1074,AWS,tmokmss,,0,0,0,0,0,0,0,0,0,0
1075,AWS,zentahori,,0,0,0,0,0,0,0,0,0,0
1076,AWS,akozd,,0,0,0,0,0,0,0,0,0,0
1077,AWS,dooreaga,,0,0,0,0,0,0,0,0,0,0
1078,AWS,fbouteruche,,0,0,0,0,0,0,0,0,0,0
1079,AWS,melinaschweizer,,0,0,0,0,0,0,0,0,0,0
1080,AWS,alex-m-aws,,0,0,0,0,0,0,0,0,0,0
1081,AWS,Marinaburkhardt,,0,0,0,0,0,0,0,0,0,0
1082,AWS,dylan-tong-aws,11.0,0,1,0,0,0,1,1,1,0,0
1083,AWS,oranie,,0,0,0,0,0,0,0,0,0,0
1084,AWS,xparticle,,0,0,0,0,0,0,0,0,0,0
1085,AWS,yapweiyih,,0,0,0,0,0,0,0,0,0,0
1086,AWS,kkeli,,0,0,0,0,0,0,0,0,0,0
1087,AWS,kthomas-amzn,,0,0,0,0,0,0,0,0,0,0
1088,AWS,farrdoug,2.0,0,1,0,0,0,1,1,1,0,0
1089,AWS,hgrgic,,0,0,0,0,0,0,0,0,0,0
1090,AWS,lpiedade,8.0,0,3,0,0,1,4,3,4,0,43
1091,AWS,karengryg,,0,0,0,0,0,0,0,0,0,43
1092,AWS,diggory-briercliffe,,0,0,0,0,0,0,0,0,0,43
1093,AWS,w0rks74710n,4.0,0,1,0,0,0,1,1,1,0,0
1094,AWS,davidhessler,,0,0,0,0,0,0,0,0,0,0
1095,AWS,robbiecooray1,,0,0,0,0,0,0,0,0,0,0
1096,AWS,code2648,,0,0,0,0,0,0,0,0,0,0
1097,AWS,fbdo,15.0,0,1,0,0,0,1,1,1,0,0
1098,AWS,hkford,,0,0,0,0,0,0,0,0,0,0
1099,AWS,str3tch,,0,0,0,0,0,0,0,0,0,0
1100,AWS,tbrand,98.0,0,4,0,0,0,4,4,4,0,5
1101,AWS,wellsiau-aws,1.0,0,3,0,0,0,3,3,3,0,25
1102,AWS,nragusa,8.0,0,1,0,0,0,1,1,1,0,0
1103,AWS,sandeepveldi,1.0,0,1,0,0,0,1,1,1,0,0
1104,AWS,awssteph,,0,0,0,0,0,0,0,0,0,0
1105,AWS,rsvenkatesh,,0,0,0,0,0,0,0,0,0,0
1106,AWS,fl0yd,,0,0,0,0,0,0,0,0,0,0
1107,AWS,mattegab,,0,0,0,0,0,0,0,0,0,0
1108,AWS,virendhar-aws,,0,0,0,0,0,0,0,0,0,0
1109,AWS,adampalm,,0,0,0,0,0,0,0,0,0,0
1110,AWS,snvz,,0,0,0,0,0,0,0,0,0,0
1111,AWS,cmlccie,,0,0,0,0,0,0,0,0,0,0
1112,AWS,shapirov103,3.0,0,2,0,0,0,2,2,2,0,27
1113,AWS,durdina,0.0,0,13,0,0,0,13,13,13,0,122
1114,AWS,enricosarto,,0,0,0,0,0,0,0,0,0,122
1115,AWS,nikaviam,,0,0,0,0,0,0,0,0,0,122
1116,AWS,nitin-tiwari,,0,0,0,0,0,0,0,0,0,122
1117,AWS,amirkaws,,0,0,0,0,0,0,0,0,0,122
1118,AWS,aruthom,,0,0,0,0,0,0,0,0,0,122
1119,AWS,adamandrewsaws,,0,0,0,0,0,0,0,0,0,122
1120,AWS,t1agob,,0,0,0,0,0,0,0,0,0,122
1121,AWS,samx18,5.0,0,3,0,0,0,3,3,3,0,1
1122,AWS,anandsakhare,,0,0,0,0,0,0,0,0,0,1
1123,AWS,jdbean,,0,0,0,0,0,0,0,0,0,1
1124,AWS,anujag24,,0,0,0,0,0,0,0,0,0,1
1125,AWS,ItWillBeBetter,,0,0,0,0,0,0,0,0,0,1
1126,AWS,SZubarev,2.0,0,1,0,0,0,1,1,1,0,0
1127,AWS,johnwalker00,,0,0,0,0,0,0,0,0,0,0
1128,AWS,iankouls-aws,0.0,0,1,0,0,0,1,1,1,0,0
1129,AWS,pavlosik,,0,0,0,0,0,0,0,0,0,0
1130,AWS,kazuhitogo,,0,0,0,0,0,0,0,0,0,0
1131,AWS,caleighm,,0,0,0,0,0,0,0,0,0,0
1132,AWS,gardnerjh,,0,0,0,0,0,0,0,0,0,0
1133,AWS,drishtiarora,,0,0,0,0,0,0,0,0,0,0
1134,AWS,MaitriJ,0.0,0,1,0,0,0,1,1,1,0,0
1135,AWS,georschi,,0,0,0,0,0,0,0,0,0,0
1136,AWS,sheetaljoshi,7.0,0,3,0,0,0,3,3,3,0,153
1137,AWS,elviento,,0,0,0,0,0,0,0,0,0,153
1138,AWS,julbeck,0.0,0,1,0,0,0,1,1,1,0,0
1139,AWS,markproy,18.0,0,2,0,0,0,2,2,2,0,12
1140,AWS,utsabroy,,0,0,0,0,0,0,0,0,0,12
1141,AWS,frank-aws,,0,0,0,0,0,0,0,0,0,12
1142,AWS,moonmaxw-aws,,0,0,0,0,0,0,0,0,0,12
1143,AWS,tomhunte,,0,0,0,0,0,0,0,0,0,12
1144,AWS,masangbeom,,0,0,0,0,0,0,0,0,0,12
1145,AWS,CyranoB,0.0,0,2,0,0,0,2,2,2,0,6
1146,AWS,tuladp,,0,0,0,0,0,0,0,0,0,6
1147,AWS,kanump,0.0,0,1,0,0,0,1,1,1,0,0
1148,AWS,rthamman,,0,0,0,0,0,0,0,0,0,0
1149,AWS,jessieweiyi,,0,0,0,0,0,0,0,0,0,0
1150,AWS,rahul-amzn,,0,0,0,0,0,0,0,0,0,0
1151,AWS,omerh,,0,0,0,0,0,0,0,0,0,0
1152,AWS,luisdant,,0,0,0,0,0,0,0,0,0,0
1153,AWS,Julia-Bobo-Hu,,0,0,0,0,0,0,0,0,0,0
1154,AWS,guisesterheim,,0,0,0,0,0,0,0,0,0,0
1155,AWS,hemandee,,0,0,0,0,0,0,0,0,0,0
1156,AWS,jplock,,0,0,0,0,0,0,0,0,0,0
1157,AWS,kirit93,41.0,0,2,0,0,0,2,2,2,0,62
1158,AWS,durgasury,0.0,0,1,0,0,0,1,1,1,0,0
1159,AWS,joysl,,0,0,0,0,0,0,0,0,0,0
1160,AWS,dpdornseifer,,0,0,0,0,0,0,0,0,0,0
1161,AWS,shinka81,,0,0,0,0,0,0,0,0,0,0
1162,AWS,kirankumar15,1.0,0,1,0,0,0,1,1,1,0,0
1163,AWS,miguelrc1,,0,0,0,0,0,0,0,0,0,0
1164,AWS,swarwick,,0,0,0,0,0,0,0,0,0,0
1165,AWS,dgallitelli,29.0,0,1,0,0,0,1,1,1,0,0
1166,AWS,danielhkt,0.0,0,1,0,0,0,1,1,1,0,0
1167,AWS,vaibhavjainv,,0,0,0,0,0,0,0,0,0,0
1168,AWS,shamika,,0,0,0,0,0,0,0,0,0,0
1169,AWS,bella-kwon,,0,0,0,0,0,0,0,0,0,0
1170,AWS,ramy-nasreldin,,0,0,0,0,0,0,0,0,0,0
1171,AWS,danielmatuki,0.0,0,1,0,0,0,1,1,1,0,0
1172,AWS,shashrv,,0,0,0,0,0,0,0,0,0,0
1173,AWS,ram-shanmugam,,0,0,0,0,0,0,0,0,0,0
1174,AWS,amineoualialami,,0,0,0,0,0,0,0,0,0,0
1175,AWS,Jisoo-Min,,0,0,0,0,0,0,0,0,0,0
1176,AWS,jon-peterson,,0,0,0,0,0,0,0,0,0,0
1177,AWS,pk-jain,,0,0,0,0,0,0,0,0,0,0
1178,AWS,juluriaj,,0,0,0,0,0,0,0,0,0,0
1179,AWS,gi4nks,9.0,0,1,0,0,0,1,1,1,0,0
1180,AWS,dr-natetorious,,0,0,0,0,0,0,0,0,0,0
1181,AWS,zacburns-aws,,0,0,0,0,0,0,0,0,0,0
1182,AWS,rprentyaws,,0,0,0,0,0,0,0,0,0,0
1183,AWS,Jerome-Pasini,,0,0,0,0,0,0,0,0,0,0
1184,AWS,sfallahadl,0.0,0,1,0,0,0,1,1,1,0,0
1185,AWS,tamg-aws,,0,0,0,0,0,0,0,0,0,0
1186,AWS,szvarun,,0,0,0,0,0,0,0,0,0,0
1187,AWS,ganhuang,,0,0,0,0,0,0,0,0,0,0
1188,AWS,rsmaso-aws,,0,0,0,0,0,0,0,0,0,0
1189,AWS,jeanbaptisteguillois,1.0,0,1,0,0,0,1,1,1,0,0
1190,AWS,l-guida,,0,0,0,0,0,0,0,0,0,0
1191,AWS,rajyaramazon,,0,0,0,0,0,0,0,0,0,0
1192,AWS,ramvasi,,0,0,0,0,0,0,0,0,0,0
1193,AWS,scotfe,,0,0,0,0,0,0,0,0,0,0
1194,AWS,yanbasic,,0,0,0,0,0,0,0,0,0,0
1195,AWS,Ming-J,,0,0,0,0,0,0,0,0,0,0
1196,AWS,preethiratnam,,0,0,0,0,0,0,0,0,0,0
1197,AWS,manshahe,0.0,0,2,0,0,0,2,2,2,0,31
1198,AWS,dmahapatro,41.0,0,1,0,0,0,1,1,1,0,0
1199,AWS,pforai,,0,0,0,0,0,0,0,0,0,0
1200,AWS,sandeepgawande,,0,0,0,0,0,0,0,0,0,0
1201,AWS,pragtideep,,0,0,0,0,0,0,0,0,0,0
1202,AWS,jl4nz,,0,0,0,0,0,0,0,0,0,0
1203,AWS,richardmilnerwatts,,0,0,0,0,0,0,0,0,0,0
1204,AWS,pdifranc,,0,0,0,0,0,0,0,0,0,0
1205,AWS,acere,3.0,0,1,0,0,0,1,1,1,0,0
1206,AWS,ahmedqe,,0,0,0,0,0,0,0,0,0,0
1207,AWS,haofeif,,0,0,0,0,0,0,0,0,0,0
1208,AWS,leelalagudu,,0,0,0,0,0,0,0,0,0,0
1209,AWS,jmejco,,0,0,0,0,0,0,0,0,0,0
1210,AWS,tamara-h,,0,0,0,0,0,0,0,0,0,0
1211,AWS,shashivj,0.0,0,3,0,0,0,3,3,3,0,4
1212,AWS,gerrardcowburn,1.0,0,1,0,0,0,1,1,1,0,0
1213,AWS,boooziz,2.0,0,1,0,0,0,1,1,1,0,0
1214,AWS,cwalkere,,0,0,0,0,0,0,0,0,0,0
1215,AWS,Josh-Bonello,1.0,0,2,0,0,0,2,2,2,0,0
1216,AWS,tdcsrq,1.0,0,3,0,0,0,3,3,3,0,21
1217,AWS,dcolcott,,0,0,0,0,0,0,0,0,0,21
1218,AWS,rjesh-git,6.0,0,1,0,0,0,1,1,1,0,0
1219,AWS,alkayahan,,0,0,0,0,0,0,0,0,0,0
1220,AWS,JuliaABurch,,0,0,0,0,0,0,0,0,0,0
1221,AWS,rukekre,,0,0,0,0,0,0,0,0,0,0
1222,AWS,brhook-aws,,0,0,0,0,0,0,0,0,0,0
1223,AWS,kris-work,,0,0,0,0,0,0,0,0,0,0
1224,AWS,haozhao-aws,,0,0,0,0,0,0,0,0,0,0
1225,AWS,mj-ano,,0,0,0,0,0,0,0,0,0,0
1226,AWS,senkinnar,,0,0,0,0,0,0,0,0,0,0
1227,AWS,hemanthboinpally,0.0,0,1,0,0,0,1,1,1,0,0
1228,AWS,samvas-aws,2.0,0,1,0,0,0,1,1,1,0,0
1229,AWS,johnnyw-aws,0.0,0,3,0,0,0,3,3,3,0,4
1230,AWS,hanamz,,0,0,0,0,0,0,0,0,0,4
1231,AWS,blayzestefaniak,,0,0,0,0,0,0,0,0,0,4
1232,AWS,dilipmrajan9,0.0,0,3,0,0,0,3,3,3,0,0
1233,AWS,avisaws,0.0,0,1,0,0,0,1,1,1,0,0
1234,AWS,bestickley,0.0,0,1,0,0,0,1,1,1,0,0
1235,AWS,bpguasch,,0,0,0,0,0,0,0,0,0,0
1236,AWS,nghtm,,0,0,0,0,0,0,0,0,0,0
1237,AWS,lovaarte,,0,0,0,0,0,0,0,0,0,0
1238,AWS,kulkarni-saurabh,,0,0,0,0,0,0,0,0,0,0
1239,AWS,dabounds,,0,0,0,0,0,0,0,0,0,0
1240,AWS,gherlein,34.0,0,5,0,0,0,5,5,5,0,0
1241,AWS,charlesg3,,0,0,0,0,0,0,0,0,0,0
1242,AWS,dhawalkp,,0,0,0,0,0,0,0,0,0,0
1243,AWS,dineshkumar4u,,0,0,0,0,0,0,0,0,0,0
1244,AWS,msailes,26.0,0,3,0,0,0,3,3,3,0,16
1245,AWS,wangz10,,0,0,0,0,0,0,0,0,0,16
1246,AWS,jeromeb,,0,0,0,0,0,0,0,0,0,16
1247,AWS,gunnargrosch,,0,0,0,0,0,0,0,0,0,16
